id,deposit_won,rent_won,benefits,old,new,change,minimal_rule_changes,without_exception,without_welfare_change
grid-0000,0,0,none,pass,pass,retained,[],retained,retained
grid-0001,0,0,education,pass,pass,retained,[],retained,retained
grid-0002,0,0,livelihood,pass,fail,excluded,"[[""welfare""]]",excluded,retained
grid-0003,0,0,medical,pass,fail,excluded,"[[""welfare""]]",excluded,retained
grid-0004,0,0,housing,fail,fail,outside,[],outside,outside
grid-0005,0,399999,none,pass,pass,retained,[],retained,retained
grid-0006,0,399999,education,pass,pass,retained,[],retained,retained
grid-0007,0,399999,livelihood,pass,fail,excluded,"[[""welfare""]]",excluded,retained
grid-0008,0,399999,medical,pass,fail,excluded,"[[""welfare""]]",excluded,retained
grid-0009,0,399999,housing,fail,fail,outside,[],outside,outside
grid-0010,0,400000,none,pass,pass,retained,[],retained,retained
grid-0011,0,400000,education,pass,pass,retained,[],retained,retained
grid-0012,0,400000,livelihood,pass,fail,excluded,"[[""welfare""]]",excluded,retained
grid-0013,0,400000,medical,pass,fail,excluded,"[[""welfare""]]",excluded,retained
grid-0014,0,400000,housing,fail,fail,outside,[],outside,outside
grid-0015,0,400001,none,pass,pass,retained,[],included,retained
grid-0016,0,400001,education,pass,pass,retained,[],included,retained
grid-0017,0,400001,livelihood,pass,fail,excluded,"[[""welfare""]]",outside,retained
grid-0018,0,400001,medical,pass,fail,excluded,"[[""welfare""]]",outside,retained
grid-0019,0,400001,housing,fail,fail,outside,[],outside,outside
grid-0020,0,450000,none,pass,pass,retained,[],included,retained
grid-0021,0,450000,education,pass,pass,retained,[],included,retained
grid-0022,0,450000,livelihood,pass,fail,excluded,"[[""welfare""]]",outside,retained
grid-0023,0,450000,medical,pass,fail,excluded,"[[""welfare""]]",outside,retained
grid-0024,0,450000,housing,fail,fail,outside,[],outside,outside
grid-0025,0,456999,none,pass,pass,retained,[],included,retained
grid-0026,0,456999,education,pass,pass,retained,[],included,retained
grid-0027,0,456999,livelihood,pass,fail,excluded,"[[""welfare""]]",outside,retained
grid-0028,0,456999,medical,pass,fail,excluded,"[[""welfare""]]",outside,retained
grid-0029,0,456999,housing,fail,fail,outside,[],outside,outside
grid-0030,0,457000,none,pass,pass,retained,[],included,retained
grid-0031,0,457000,education,pass,pass,retained,[],included,retained
grid-0032,0,457000,livelihood,pass,fail,excluded,"[[""welfare""]]",outside,retained
grid-0033,0,457000,medical,pass,fail,excluded,"[[""welfare""]]",outside,retained
grid-0034,0,457000,housing,fail,fail,outside,[],outside,outside
grid-0035,0,457001,none,pass,pass,retained,[],included,retained
grid-0036,0,457001,education,pass,pass,retained,[],included,retained
grid-0037,0,457001,livelihood,pass,fail,excluded,"[[""welfare""]]",outside,retained
grid-0038,0,457001,medical,pass,fail,excluded,"[[""welfare""]]",outside,retained
grid-0039,0,457001,housing,fail,fail,outside,[],outside,outside
grid-0040,0,460000,none,pass,pass,retained,[],included,retained
grid-0041,0,460000,education,pass,pass,retained,[],included,retained
grid-0042,0,460000,livelihood,pass,fail,excluded,"[[""welfare""]]",outside,retained
grid-0043,0,460000,medical,pass,fail,excluded,"[[""welfare""]]",outside,retained
grid-0044,0,460000,housing,fail,fail,outside,[],outside,outside
grid-0045,0,460001,none,pass,pass,retained,[],included,retained
grid-0046,0,460001,education,pass,pass,retained,[],included,retained
grid-0047,0,460001,livelihood,pass,fail,excluded,"[[""welfare""]]",outside,retained
grid-0048,0,460001,medical,pass,fail,excluded,"[[""welfare""]]",outside,retained
grid-0049,0,460001,housing,fail,fail,outside,[],outside,outside
grid-0050,0,480000,none,pass,pass,retained,[],included,retained
grid-0051,0,480000,education,pass,pass,retained,[],included,retained
grid-0052,0,480000,livelihood,pass,fail,excluded,"[[""welfare""]]",outside,retained
grid-0053,0,480000,medical,pass,fail,excluded,"[[""welfare""]]",outside,retained
grid-0054,0,480000,housing,fail,fail,outside,[],outside,outside
grid-0055,0,550000,none,pass,pass,retained,[],included,retained
grid-0056,0,550000,education,pass,pass,retained,[],included,retained
grid-0057,0,550000,livelihood,pass,fail,excluded,"[[""welfare""]]",outside,retained
grid-0058,0,550000,medical,pass,fail,excluded,"[[""welfare""]]",outside,retained
grid-0059,0,550000,housing,fail,fail,outside,[],outside,outside
grid-0060,0,550001,none,fail,pass,included,"[[""housing""]]",included,included
grid-0061,0,550001,education,fail,pass,included,"[[""housing""]]",included,included
grid-0062,0,550001,livelihood,fail,fail,outside,[],outside,included
grid-0063,0,550001,medical,fail,fail,outside,[],outside,included
grid-0064,0,550001,housing,fail,fail,outside,[],outside,outside
grid-0065,0,1000000,none,fail,pass,included,"[[""housing""]]",included,included
grid-0066,0,1000000,education,fail,pass,included,"[[""housing""]]",included,included
grid-0067,0,1000000,livelihood,fail,fail,outside,[],outside,included
grid-0068,0,1000000,medical,fail,fail,outside,[],outside,included
grid-0069,0,1000000,housing,fail,fail,outside,[],outside,outside
grid-0070,0,1000001,none,fail,pass,included,"[[""housing""]]",included,included
grid-0071,0,1000001,education,fail,pass,included,"[[""housing""]]",included,included
grid-0072,0,1000001,livelihood,fail,fail,outside,[],outside,included
grid-0073,0,1000001,medical,fail,fail,outside,[],outside,included
grid-0074,0,1000001,housing,fail,fail,outside,[],outside,outside
grid-0075,0,2000000,none,fail,pass,included,"[[""housing""]]",included,included
grid-0076,0,2000000,education,fail,pass,included,"[[""housing""]]",included,included
grid-0077,0,2000000,livelihood,fail,fail,outside,[],outside,included
grid-0078,0,2000000,medical,fail,fail,outside,[],outside,included
grid-0079,0,2000000,housing,fail,fail,outside,[],outside,outside
grid-0080,0,2000001,none,fail,fail,outside,[],outside,outside
grid-0081,0,2000001,education,fail,fail,outside,[],outside,outside
grid-0082,0,2000001,livelihood,fail,fail,outside,[],outside,outside
grid-0083,0,2000001,medical,fail,fail,outside,[],outside,outside
grid-0084,0,2000001,housing,fail,fail,outside,[],outside,outside
grid-0085,319999,0,none,pass,pass,retained,[],retained,retained
grid-0086,319999,0,education,pass,pass,retained,[],retained,retained
grid-0087,319999,0,livelihood,pass,fail,excluded,"[[""welfare""]]",excluded,retained
grid-0088,319999,0,medical,pass,fail,excluded,"[[""welfare""]]",excluded,retained
grid-0089,319999,0,housing,fail,fail,outside,[],outside,outside
grid-0090,319999,399999,none,pass,pass,retained,[],retained,retained
grid-0091,319999,399999,education,pass,pass,retained,[],retained,retained
grid-0092,319999,399999,livelihood,pass,fail,excluded,"[[""welfare""]]",excluded,retained
grid-0093,319999,399999,medical,pass,fail,excluded,"[[""welfare""]]",excluded,retained
grid-0094,319999,399999,housing,fail,fail,outside,[],outside,outside
grid-0095,319999,400000,none,pass,pass,retained,[],retained,retained
grid-0096,319999,400000,education,pass,pass,retained,[],retained,retained
grid-0097,319999,400000,livelihood,pass,fail,excluded,"[[""welfare""]]",excluded,retained
grid-0098,319999,400000,medical,pass,fail,excluded,"[[""welfare""]]",excluded,retained
grid-0099,319999,400000,housing,fail,fail,outside,[],outside,outside
grid-0100,319999,400001,none,pass,pass,retained,[],included,retained
grid-0101,319999,400001,education,pass,pass,retained,[],included,retained
grid-0102,319999,400001,livelihood,pass,fail,excluded,"[[""welfare""]]",outside,retained
grid-0103,319999,400001,medical,pass,fail,excluded,"[[""welfare""]]",outside,retained
grid-0104,319999,400001,housing,fail,fail,outside,[],outside,outside
grid-0105,319999,450000,none,pass,pass,retained,[],included,retained
grid-0106,319999,450000,education,pass,pass,retained,[],included,retained
grid-0107,319999,450000,livelihood,pass,fail,excluded,"[[""welfare""]]",outside,retained
grid-0108,319999,450000,medical,pass,fail,excluded,"[[""welfare""]]",outside,retained
grid-0109,319999,450000,housing,fail,fail,outside,[],outside,outside
grid-0110,319999,456999,none,pass,pass,retained,[],included,retained
grid-0111,319999,456999,education,pass,pass,retained,[],included,retained
grid-0112,319999,456999,livelihood,pass,fail,excluded,"[[""welfare""]]",outside,retained
grid-0113,319999,456999,medical,pass,fail,excluded,"[[""welfare""]]",outside,retained
grid-0114,319999,456999,housing,fail,fail,outside,[],outside,outside
grid-0115,319999,457000,none,pass,pass,retained,[],included,retained
grid-0116,319999,457000,education,pass,pass,retained,[],included,retained
grid-0117,319999,457000,livelihood,pass,fail,excluded,"[[""welfare""]]",outside,retained
grid-0118,319999,457000,medical,pass,fail,excluded,"[[""welfare""]]",outside,retained
grid-0119,319999,457000,housing,fail,fail,outside,[],outside,outside
grid-0120,319999,457001,none,pass,pass,retained,[],included,retained
grid-0121,319999,457001,education,pass,pass,retained,[],included,retained
grid-0122,319999,457001,livelihood,pass,fail,excluded,"[[""welfare""]]",outside,retained
grid-0123,319999,457001,medical,pass,fail,excluded,"[[""welfare""]]",outside,retained
grid-0124,319999,457001,housing,fail,fail,outside,[],outside,outside
grid-0125,319999,460000,none,pass,pass,retained,[],included,retained
grid-0126,319999,460000,education,pass,pass,retained,[],included,retained
grid-0127,319999,460000,livelihood,pass,fail,excluded,"[[""welfare""]]",outside,retained
grid-0128,319999,460000,medical,pass,fail,excluded,"[[""welfare""]]",outside,retained
grid-0129,319999,460000,housing,fail,fail,outside,[],outside,outside
grid-0130,319999,460001,none,pass,pass,retained,[],included,retained
grid-0131,319999,460001,education,pass,pass,retained,[],included,retained
grid-0132,319999,460001,livelihood,pass,fail,excluded,"[[""welfare""]]",outside,retained
grid-0133,319999,460001,medical,pass,fail,excluded,"[[""welfare""]]",outside,retained
grid-0134,319999,460001,housing,fail,fail,outside,[],outside,outside
grid-0135,319999,480000,none,pass,pass,retained,[],included,retained
grid-0136,319999,480000,education,pass,pass,retained,[],included,retained
grid-0137,319999,480000,livelihood,pass,fail,excluded,"[[""welfare""]]",outside,retained
grid-0138,319999,480000,medical,pass,fail,excluded,"[[""welfare""]]",outside,retained
grid-0139,319999,480000,housing,fail,fail,outside,[],outside,outside
grid-0140,319999,550000,none,pass,pass,retained,[],included,retained
grid-0141,319999,550000,education,pass,pass,retained,[],included,retained
grid-0142,319999,550000,livelihood,pass,fail,excluded,"[[""welfare""]]",outside,retained
grid-0143,319999,550000,medical,pass,fail,excluded,"[[""welfare""]]",outside,retained
grid-0144,319999,550000,housing,fail,fail,outside,[],outside,outside
grid-0145,319999,550001,none,fail,pass,included,"[[""housing""]]",included,included
grid-0146,319999,550001,education,fail,pass,included,"[[""housing""]]",included,included
grid-0147,319999,550001,livelihood,fail,fail,outside,[],outside,included
grid-0148,319999,550001,medical,fail,fail,outside,[],outside,included
grid-0149,319999,550001,housing,fail,fail,outside,[],outside,outside
grid-0150,319999,1000000,none,fail,pass,included,"[[""housing""]]",included,included
grid-0151,319999,1000000,education,fail,pass,included,"[[""housing""]]",included,included
grid-0152,319999,1000000,livelihood,fail,fail,outside,[],outside,included
grid-0153,319999,1000000,medical,fail,fail,outside,[],outside,included
grid-0154,319999,1000000,housing,fail,fail,outside,[],outside,outside
grid-0155,319999,1000001,none,fail,pass,included,"[[""housing""]]",included,included
grid-0156,319999,1000001,education,fail,pass,included,"[[""housing""]]",included,included
grid-0157,319999,1000001,livelihood,fail,fail,outside,[],outside,included
grid-0158,319999,1000001,medical,fail,fail,outside,[],outside,included
grid-0159,319999,1000001,housing,fail,fail,outside,[],outside,outside
grid-0160,319999,2000000,none,fail,fail,outside,[],outside,outside
grid-0161,319999,2000000,education,fail,fail,outside,[],outside,outside
grid-0162,319999,2000000,livelihood,fail,fail,outside,[],outside,outside
grid-0163,319999,2000000,medical,fail,fail,outside,[],outside,outside
grid-0164,319999,2000000,housing,fail,fail,outside,[],outside,outside
grid-0165,319999,2000001,none,fail,fail,outside,[],outside,outside
grid-0166,319999,2000001,education,fail,fail,outside,[],outside,outside
grid-0167,319999,2000001,livelihood,fail,fail,outside,[],outside,outside
grid-0168,319999,2000001,medical,fail,fail,outside,[],outside,outside
grid-0169,319999,2000001,housing,fail,fail,outside,[],outside,outside
grid-0170,320000,0,none,pass,pass,retained,[],retained,retained
grid-0171,320000,0,education,pass,pass,retained,[],retained,retained
grid-0172,320000,0,livelihood,pass,fail,excluded,"[[""welfare""]]",excluded,retained
grid-0173,320000,0,medical,pass,fail,excluded,"[[""welfare""]]",excluded,retained
grid-0174,320000,0,housing,fail,fail,outside,[],outside,outside
grid-0175,320000,399999,none,pass,pass,retained,[],retained,retained
grid-0176,320000,399999,education,pass,pass,retained,[],retained,retained
grid-0177,320000,399999,livelihood,pass,fail,excluded,"[[""welfare""]]",excluded,retained
grid-0178,320000,399999,medical,pass,fail,excluded,"[[""welfare""]]",excluded,retained
grid-0179,320000,399999,housing,fail,fail,outside,[],outside,outside
grid-0180,320000,400000,none,pass,pass,retained,[],retained,retained
grid-0181,320000,400000,education,pass,pass,retained,[],retained,retained
grid-0182,320000,400000,livelihood,pass,fail,excluded,"[[""welfare""]]",excluded,retained
grid-0183,320000,400000,medical,pass,fail,excluded,"[[""welfare""]]",excluded,retained
grid-0184,320000,400000,housing,fail,fail,outside,[],outside,outside
grid-0185,320000,400001,none,pass,pass,retained,[],included,retained
grid-0186,320000,400001,education,pass,pass,retained,[],included,retained
grid-0187,320000,400001,livelihood,pass,fail,excluded,"[[""welfare""]]",outside,retained
grid-0188,320000,400001,medical,pass,fail,excluded,"[[""welfare""]]",outside,retained
grid-0189,320000,400001,housing,fail,fail,outside,[],outside,outside
grid-0190,320000,450000,none,pass,pass,retained,[],included,retained
grid-0191,320000,450000,education,pass,pass,retained,[],included,retained
grid-0192,320000,450000,livelihood,pass,fail,excluded,"[[""welfare""]]",outside,retained
grid-0193,320000,450000,medical,pass,fail,excluded,"[[""welfare""]]",outside,retained
grid-0194,320000,450000,housing,fail,fail,outside,[],outside,outside
grid-0195,320000,456999,none,pass,pass,retained,[],included,retained
grid-0196,320000,456999,education,pass,pass,retained,[],included,retained
grid-0197,320000,456999,livelihood,pass,fail,excluded,"[[""welfare""]]",outside,retained
grid-0198,320000,456999,medical,pass,fail,excluded,"[[""welfare""]]",outside,retained
grid-0199,320000,456999,housing,fail,fail,outside,[],outside,outside
grid-0200,320000,457000,none,pass,pass,retained,[],included,retained
grid-0201,320000,457000,education,pass,pass,retained,[],included,retained
grid-0202,320000,457000,livelihood,pass,fail,excluded,"[[""welfare""]]",outside,retained
grid-0203,320000,457000,medical,pass,fail,excluded,"[[""welfare""]]",outside,retained
grid-0204,320000,457000,housing,fail,fail,outside,[],outside,outside
grid-0205,320000,457001,none,pass,pass,retained,[],included,retained
grid-0206,320000,457001,education,pass,pass,retained,[],included,retained
grid-0207,320000,457001,livelihood,pass,fail,excluded,"[[""welfare""]]",outside,retained
grid-0208,320000,457001,medical,pass,fail,excluded,"[[""welfare""]]",outside,retained
grid-0209,320000,457001,housing,fail,fail,outside,[],outside,outside
grid-0210,320000,460000,none,pass,pass,retained,[],included,retained
grid-0211,320000,460000,education,pass,pass,retained,[],included,retained
grid-0212,320000,460000,livelihood,pass,fail,excluded,"[[""welfare""]]",outside,retained
grid-0213,320000,460000,medical,pass,fail,excluded,"[[""welfare""]]",outside,retained
grid-0214,320000,460000,housing,fail,fail,outside,[],outside,outside
grid-0215,320000,460001,none,pass,pass,retained,[],included,retained
grid-0216,320000,460001,education,pass,pass,retained,[],included,retained
grid-0217,320000,460001,livelihood,pass,fail,excluded,"[[""welfare""]]",outside,retained
grid-0218,320000,460001,medical,pass,fail,excluded,"[[""welfare""]]",outside,retained
grid-0219,320000,460001,housing,fail,fail,outside,[],outside,outside
grid-0220,320000,480000,none,pass,pass,retained,[],included,retained
grid-0221,320000,480000,education,pass,pass,retained,[],included,retained
grid-0222,320000,480000,livelihood,pass,fail,excluded,"[[""welfare""]]",outside,retained
grid-0223,320000,480000,medical,pass,fail,excluded,"[[""welfare""]]",outside,retained
grid-0224,320000,480000,housing,fail,fail,outside,[],outside,outside
grid-0225,320000,550000,none,unknown,pass,unresolved,[],included,unresolved
grid-0226,320000,550000,education,unknown,pass,unresolved,[],included,unresolved
grid-0227,320000,550000,livelihood,unknown,fail,unresolved,[],outside,unresolved
grid-0228,320000,550000,medical,unknown,fail,unresolved,[],outside,unresolved
grid-0229,320000,550000,housing,fail,fail,outside,[],outside,outside
grid-0230,320000,550001,none,fail,pass,included,"[[""housing""]]",included,included
grid-0231,320000,550001,education,fail,pass,included,"[[""housing""]]",included,included
grid-0232,320000,550001,livelihood,fail,fail,outside,[],outside,included
grid-0233,320000,550001,medical,fail,fail,outside,[],outside,included
grid-0234,320000,550001,housing,fail,fail,outside,[],outside,outside
grid-0235,320000,1000000,none,fail,pass,included,"[[""housing""]]",included,included
grid-0236,320000,1000000,education,fail,pass,included,"[[""housing""]]",included,included
grid-0237,320000,1000000,livelihood,fail,fail,outside,[],outside,included
grid-0238,320000,1000000,medical,fail,fail,outside,[],outside,included
grid-0239,320000,1000000,housing,fail,fail,outside,[],outside,outside
grid-0240,320000,1000001,none,fail,pass,included,"[[""housing""]]",included,included
grid-0241,320000,1000001,education,fail,pass,included,"[[""housing""]]",included,included
grid-0242,320000,1000001,livelihood,fail,fail,outside,[],outside,included
grid-0243,320000,1000001,medical,fail,fail,outside,[],outside,included
grid-0244,320000,1000001,housing,fail,fail,outside,[],outside,outside
grid-0245,320000,2000000,none,fail,fail,outside,[],outside,outside
grid-0246,320000,2000000,education,fail,fail,outside,[],outside,outside
grid-0247,320000,2000000,livelihood,fail,fail,outside,[],outside,outside
grid-0248,320000,2000000,medical,fail,fail,outside,[],outside,outside
grid-0249,320000,2000000,housing,fail,fail,outside,[],outside,outside
grid-0250,320000,2000001,none,fail,fail,outside,[],outside,outside
grid-0251,320000,2000001,education,fail,fail,outside,[],outside,outside
grid-0252,320000,2000001,livelihood,fail,fail,outside,[],outside,outside
grid-0253,320000,2000001,medical,fail,fail,outside,[],outside,outside
grid-0254,320000,2000001,housing,fail,fail,outside,[],outside,outside
grid-0255,3199999,0,none,pass,pass,retained,[],retained,retained
grid-0256,3199999,0,education,pass,pass,retained,[],retained,retained
grid-0257,3199999,0,livelihood,pass,fail,excluded,"[[""welfare""]]",excluded,retained
grid-0258,3199999,0,medical,pass,fail,excluded,"[[""welfare""]]",excluded,retained
grid-0259,3199999,0,housing,fail,fail,outside,[],outside,outside
grid-0260,3199999,399999,none,pass,pass,retained,[],retained,retained
grid-0261,3199999,399999,education,pass,pass,retained,[],retained,retained
grid-0262,3199999,399999,livelihood,pass,fail,excluded,"[[""welfare""]]",excluded,retained
grid-0263,3199999,399999,medical,pass,fail,excluded,"[[""welfare""]]",excluded,retained
grid-0264,3199999,399999,housing,fail,fail,outside,[],outside,outside
grid-0265,3199999,400000,none,pass,pass,retained,[],retained,retained
grid-0266,3199999,400000,education,pass,pass,retained,[],retained,retained
grid-0267,3199999,400000,livelihood,pass,fail,excluded,"[[""welfare""]]",excluded,retained
grid-0268,3199999,400000,medical,pass,fail,excluded,"[[""welfare""]]",excluded,retained
grid-0269,3199999,400000,housing,fail,fail,outside,[],outside,outside
grid-0270,3199999,400001,none,pass,pass,retained,[],included,retained
grid-0271,3199999,400001,education,pass,pass,retained,[],included,retained
grid-0272,3199999,400001,livelihood,pass,fail,excluded,"[[""welfare""]]",outside,retained
grid-0273,3199999,400001,medical,pass,fail,excluded,"[[""welfare""]]",outside,retained
grid-0274,3199999,400001,housing,fail,fail,outside,[],outside,outside
grid-0275,3199999,450000,none,pass,pass,retained,[],included,retained
grid-0276,3199999,450000,education,pass,pass,retained,[],included,retained
grid-0277,3199999,450000,livelihood,pass,fail,excluded,"[[""welfare""]]",outside,retained
grid-0278,3199999,450000,medical,pass,fail,excluded,"[[""welfare""]]",outside,retained
grid-0279,3199999,450000,housing,fail,fail,outside,[],outside,outside
grid-0280,3199999,456999,none,pass,pass,retained,[],included,retained
grid-0281,3199999,456999,education,pass,pass,retained,[],included,retained
grid-0282,3199999,456999,livelihood,pass,fail,excluded,"[[""welfare""]]",outside,retained
grid-0283,3199999,456999,medical,pass,fail,excluded,"[[""welfare""]]",outside,retained
grid-0284,3199999,456999,housing,fail,fail,outside,[],outside,outside
grid-0285,3199999,457000,none,pass,pass,retained,[],included,retained
grid-0286,3199999,457000,education,pass,pass,retained,[],included,retained
grid-0287,3199999,457000,livelihood,pass,fail,excluded,"[[""welfare""]]",outside,retained
grid-0288,3199999,457000,medical,pass,fail,excluded,"[[""welfare""]]",outside,retained
grid-0289,3199999,457000,housing,fail,fail,outside,[],outside,outside
grid-0290,3199999,457001,none,pass,pass,retained,[],included,retained
grid-0291,3199999,457001,education,pass,pass,retained,[],included,retained
grid-0292,3199999,457001,livelihood,pass,fail,excluded,"[[""welfare""]]",outside,retained
grid-0293,3199999,457001,medical,pass,fail,excluded,"[[""welfare""]]",outside,retained
grid-0294,3199999,457001,housing,fail,fail,outside,[],outside,outside
grid-0295,3199999,460000,none,pass,pass,retained,[],included,retained
grid-0296,3199999,460000,education,pass,pass,retained,[],included,retained
grid-0297,3199999,460000,livelihood,pass,fail,excluded,"[[""welfare""]]",outside,retained
grid-0298,3199999,460000,medical,pass,fail,excluded,"[[""welfare""]]",outside,retained
grid-0299,3199999,460000,housing,fail,fail,outside,[],outside,outside
grid-0300,3199999,460001,none,pass,pass,retained,[],included,retained
grid-0301,3199999,460001,education,pass,pass,retained,[],included,retained
grid-0302,3199999,460001,livelihood,pass,fail,excluded,"[[""welfare""]]",outside,retained
grid-0303,3199999,460001,medical,pass,fail,excluded,"[[""welfare""]]",outside,retained
grid-0304,3199999,460001,housing,fail,fail,outside,[],outside,outside
grid-0305,3199999,480000,none,pass,pass,retained,[],included,retained
grid-0306,3199999,480000,education,pass,pass,retained,[],included,retained
grid-0307,3199999,480000,livelihood,pass,fail,excluded,"[[""welfare""]]",outside,retained
grid-0308,3199999,480000,medical,pass,fail,excluded,"[[""welfare""]]",outside,retained
grid-0309,3199999,480000,housing,fail,fail,outside,[],outside,outside
grid-0310,3199999,550000,none,unknown,pass,unresolved,[],included,unresolved
grid-0311,3199999,550000,education,unknown,pass,unresolved,[],included,unresolved
grid-0312,3199999,550000,livelihood,unknown,fail,unresolved,[],outside,unresolved
grid-0313,3199999,550000,medical,unknown,fail,unresolved,[],outside,unresolved
grid-0314,3199999,550000,housing,fail,fail,outside,[],outside,outside
grid-0315,3199999,550001,none,fail,pass,included,"[[""housing""]]",included,included
grid-0316,3199999,550001,education,fail,pass,included,"[[""housing""]]",included,included
grid-0317,3199999,550001,livelihood,fail,fail,outside,[],outside,included
grid-0318,3199999,550001,medical,fail,fail,outside,[],outside,included
grid-0319,3199999,550001,housing,fail,fail,outside,[],outside,outside
grid-0320,3199999,1000000,none,fail,pass,included,"[[""housing""]]",included,included
grid-0321,3199999,1000000,education,fail,pass,included,"[[""housing""]]",included,included
grid-0322,3199999,1000000,livelihood,fail,fail,outside,[],outside,included
grid-0323,3199999,1000000,medical,fail,fail,outside,[],outside,included
grid-0324,3199999,1000000,housing,fail,fail,outside,[],outside,outside
grid-0325,3199999,1000001,none,fail,pass,included,"[[""housing""]]",included,included
grid-0326,3199999,1000001,education,fail,pass,included,"[[""housing""]]",included,included
grid-0327,3199999,1000001,livelihood,fail,fail,outside,[],outside,included
grid-0328,3199999,1000001,medical,fail,fail,outside,[],outside,included
grid-0329,3199999,1000001,housing,fail,fail,outside,[],outside,outside
grid-0330,3199999,2000000,none,fail,fail,outside,[],outside,outside
grid-0331,3199999,2000000,education,fail,fail,outside,[],outside,outside
grid-0332,3199999,2000000,livelihood,fail,fail,outside,[],outside,outside
grid-0333,3199999,2000000,medical,fail,fail,outside,[],outside,outside
grid-0334,3199999,2000000,housing,fail,fail,outside,[],outside,outside
grid-0335,3199999,2000001,none,fail,fail,outside,[],outside,outside
grid-0336,3199999,2000001,education,fail,fail,outside,[],outside,outside
grid-0337,3199999,2000001,livelihood,fail,fail,outside,[],outside,outside
grid-0338,3199999,2000001,medical,fail,fail,outside,[],outside,outside
grid-0339,3199999,2000001,housing,fail,fail,outside,[],outside,outside
grid-0340,3200000,0,none,pass,pass,retained,[],retained,retained
grid-0341,3200000,0,education,pass,pass,retained,[],retained,retained
grid-0342,3200000,0,livelihood,pass,fail,excluded,"[[""welfare""]]",excluded,retained
grid-0343,3200000,0,medical,pass,fail,excluded,"[[""welfare""]]",excluded,retained
grid-0344,3200000,0,housing,fail,fail,outside,[],outside,outside
grid-0345,3200000,399999,none,pass,pass,retained,[],retained,retained
grid-0346,3200000,399999,education,pass,pass,retained,[],retained,retained
grid-0347,3200000,399999,livelihood,pass,fail,excluded,"[[""welfare""]]",excluded,retained
grid-0348,3200000,399999,medical,pass,fail,excluded,"[[""welfare""]]",excluded,retained
grid-0349,3200000,399999,housing,fail,fail,outside,[],outside,outside
grid-0350,3200000,400000,none,pass,pass,retained,[],retained,retained
grid-0351,3200000,400000,education,pass,pass,retained,[],retained,retained
grid-0352,3200000,400000,livelihood,pass,fail,excluded,"[[""welfare""]]",excluded,retained
grid-0353,3200000,400000,medical,pass,fail,excluded,"[[""welfare""]]",excluded,retained
grid-0354,3200000,400000,housing,fail,fail,outside,[],outside,outside
grid-0355,3200000,400001,none,pass,pass,retained,[],included,retained
grid-0356,3200000,400001,education,pass,pass,retained,[],included,retained
grid-0357,3200000,400001,livelihood,pass,fail,excluded,"[[""welfare""]]",outside,retained
grid-0358,3200000,400001,medical,pass,fail,excluded,"[[""welfare""]]",outside,retained
grid-0359,3200000,400001,housing,fail,fail,outside,[],outside,outside
grid-0360,3200000,450000,none,pass,pass,retained,[],included,retained
grid-0361,3200000,450000,education,pass,pass,retained,[],included,retained
grid-0362,3200000,450000,livelihood,pass,fail,excluded,"[[""welfare""]]",outside,retained
grid-0363,3200000,450000,medical,pass,fail,excluded,"[[""welfare""]]",outside,retained
grid-0364,3200000,450000,housing,fail,fail,outside,[],outside,outside
grid-0365,3200000,456999,none,pass,pass,retained,[],included,retained
grid-0366,3200000,456999,education,pass,pass,retained,[],included,retained
grid-0367,3200000,456999,livelihood,pass,fail,excluded,"[[""welfare""]]",outside,retained
grid-0368,3200000,456999,medical,pass,fail,excluded,"[[""welfare""]]",outside,retained
grid-0369,3200000,456999,housing,fail,fail,outside,[],outside,outside
grid-0370,3200000,457000,none,pass,pass,retained,[],included,retained
grid-0371,3200000,457000,education,pass,pass,retained,[],included,retained
grid-0372,3200000,457000,livelihood,pass,fail,excluded,"[[""welfare""]]",outside,retained
grid-0373,3200000,457000,medical,pass,fail,excluded,"[[""welfare""]]",outside,retained
grid-0374,3200000,457000,housing,fail,fail,outside,[],outside,outside
grid-0375,3200000,457001,none,pass,pass,retained,[],included,retained
grid-0376,3200000,457001,education,pass,pass,retained,[],included,retained
grid-0377,3200000,457001,livelihood,pass,fail,excluded,"[[""welfare""]]",outside,retained
grid-0378,3200000,457001,medical,pass,fail,excluded,"[[""welfare""]]",outside,retained
grid-0379,3200000,457001,housing,fail,fail,outside,[],outside,outside
grid-0380,3200000,460000,none,pass,pass,retained,[],included,retained
grid-0381,3200000,460000,education,pass,pass,retained,[],included,retained
grid-0382,3200000,460000,livelihood,pass,fail,excluded,"[[""welfare""]]",outside,retained
grid-0383,3200000,460000,medical,pass,fail,excluded,"[[""welfare""]]",outside,retained
grid-0384,3200000,460000,housing,fail,fail,outside,[],outside,outside
grid-0385,3200000,460001,none,pass,pass,retained,[],included,retained
grid-0386,3200000,460001,education,pass,pass,retained,[],included,retained
grid-0387,3200000,460001,livelihood,pass,fail,excluded,"[[""welfare""]]",outside,retained
grid-0388,3200000,460001,medical,pass,fail,excluded,"[[""welfare""]]",outside,retained
grid-0389,3200000,460001,housing,fail,fail,outside,[],outside,outside
grid-0390,3200000,480000,none,pass,pass,retained,[],included,retained
grid-0391,3200000,480000,education,pass,pass,retained,[],included,retained
grid-0392,3200000,480000,livelihood,pass,fail,excluded,"[[""welfare""]]",outside,retained
grid-0393,3200000,480000,medical,pass,fail,excluded,"[[""welfare""]]",outside,retained
grid-0394,3200000,480000,housing,fail,fail,outside,[],outside,outside
grid-0395,3200000,550000,none,fail,pass,included,"[[""housing""]]",included,included
grid-0396,3200000,550000,education,fail,pass,included,"[[""housing""]]",included,included
grid-0397,3200000,550000,livelihood,fail,fail,outside,[],outside,included
grid-0398,3200000,550000,medical,fail,fail,outside,[],outside,included
grid-0399,3200000,550000,housing,fail,fail,outside,[],outside,outside
grid-0400,3200000,550001,none,fail,pass,included,"[[""housing""]]",included,included
grid-0401,3200000,550001,education,fail,pass,included,"[[""housing""]]",included,included
grid-0402,3200000,550001,livelihood,fail,fail,outside,[],outside,included
grid-0403,3200000,550001,medical,fail,fail,outside,[],outside,included
grid-0404,3200000,550001,housing,fail,fail,outside,[],outside,outside
grid-0405,3200000,1000000,none,fail,pass,included,"[[""housing""]]",included,included
grid-0406,3200000,1000000,education,fail,pass,included,"[[""housing""]]",included,included
grid-0407,3200000,1000000,livelihood,fail,fail,outside,[],outside,included
grid-0408,3200000,1000000,medical,fail,fail,outside,[],outside,included
grid-0409,3200000,1000000,housing,fail,fail,outside,[],outside,outside
grid-0410,3200000,1000001,none,fail,pass,included,"[[""housing""]]",included,included
grid-0411,3200000,1000001,education,fail,pass,included,"[[""housing""]]",included,included
grid-0412,3200000,1000001,livelihood,fail,fail,outside,[],outside,included
grid-0413,3200000,1000001,medical,fail,fail,outside,[],outside,included
grid-0414,3200000,1000001,housing,fail,fail,outside,[],outside,outside
grid-0415,3200000,2000000,none,fail,fail,outside,[],outside,outside
grid-0416,3200000,2000000,education,fail,fail,outside,[],outside,outside
grid-0417,3200000,2000000,livelihood,fail,fail,outside,[],outside,outside
grid-0418,3200000,2000000,medical,fail,fail,outside,[],outside,outside
grid-0419,3200000,2000000,housing,fail,fail,outside,[],outside,outside
grid-0420,3200000,2000001,none,fail,fail,outside,[],outside,outside
grid-0421,3200000,2000001,education,fail,fail,outside,[],outside,outside
grid-0422,3200000,2000001,livelihood,fail,fail,outside,[],outside,outside
grid-0423,3200000,2000001,medical,fail,fail,outside,[],outside,outside
grid-0424,3200000,2000001,housing,fail,fail,outside,[],outside,outside
grid-0425,30000000,0,none,pass,pass,retained,[],retained,retained
grid-0426,30000000,0,education,pass,pass,retained,[],retained,retained
grid-0427,30000000,0,livelihood,pass,fail,excluded,"[[""welfare""]]",excluded,retained
grid-0428,30000000,0,medical,pass,fail,excluded,"[[""welfare""]]",excluded,retained
grid-0429,30000000,0,housing,fail,fail,outside,[],outside,outside
grid-0430,30000000,399999,none,pass,pass,retained,[],retained,retained
grid-0431,30000000,399999,education,pass,pass,retained,[],retained,retained
grid-0432,30000000,399999,livelihood,pass,fail,excluded,"[[""welfare""]]",excluded,retained
grid-0433,30000000,399999,medical,pass,fail,excluded,"[[""welfare""]]",excluded,retained
grid-0434,30000000,399999,housing,fail,fail,outside,[],outside,outside
grid-0435,30000000,400000,none,pass,pass,retained,[],retained,retained
grid-0436,30000000,400000,education,pass,pass,retained,[],retained,retained
grid-0437,30000000,400000,livelihood,pass,fail,excluded,"[[""welfare""]]",excluded,retained
grid-0438,30000000,400000,medical,pass,fail,excluded,"[[""welfare""]]",excluded,retained
grid-0439,30000000,400000,housing,fail,fail,outside,[],outside,outside
grid-0440,30000000,400001,none,pass,pass,retained,[],included,retained
grid-0441,30000000,400001,education,pass,pass,retained,[],included,retained
grid-0442,30000000,400001,livelihood,pass,fail,excluded,"[[""welfare""]]",outside,retained
grid-0443,30000000,400001,medical,pass,fail,excluded,"[[""welfare""]]",outside,retained
grid-0444,30000000,400001,housing,fail,fail,outside,[],outside,outside
grid-0445,30000000,450000,none,pass,pass,retained,[],included,retained
grid-0446,30000000,450000,education,pass,pass,retained,[],included,retained
grid-0447,30000000,450000,livelihood,pass,fail,excluded,"[[""welfare""]]",outside,retained
grid-0448,30000000,450000,medical,pass,fail,excluded,"[[""welfare""]]",outside,retained
grid-0449,30000000,450000,housing,fail,fail,outside,[],outside,outside
grid-0450,30000000,456999,none,pass,pass,retained,[],included,retained
grid-0451,30000000,456999,education,pass,pass,retained,[],included,retained
grid-0452,30000000,456999,livelihood,pass,fail,excluded,"[[""welfare""]]",outside,retained
grid-0453,30000000,456999,medical,pass,fail,excluded,"[[""welfare""]]",outside,retained
grid-0454,30000000,456999,housing,fail,fail,outside,[],outside,outside
grid-0455,30000000,457000,none,pass,pass,retained,[],included,retained
grid-0456,30000000,457000,education,pass,pass,retained,[],included,retained
grid-0457,30000000,457000,livelihood,pass,fail,excluded,"[[""welfare""]]",outside,retained
grid-0458,30000000,457000,medical,pass,fail,excluded,"[[""welfare""]]",outside,retained
grid-0459,30000000,457000,housing,fail,fail,outside,[],outside,outside
grid-0460,30000000,457001,none,unknown,pass,unresolved,[],included,unresolved
grid-0461,30000000,457001,education,unknown,pass,unresolved,[],included,unresolved
grid-0462,30000000,457001,livelihood,unknown,fail,unresolved,[],outside,unresolved
grid-0463,30000000,457001,medical,unknown,fail,unresolved,[],outside,unresolved
grid-0464,30000000,457001,housing,fail,fail,outside,[],outside,outside
grid-0465,30000000,460000,none,unknown,pass,unresolved,[],included,unresolved
grid-0466,30000000,460000,education,unknown,pass,unresolved,[],included,unresolved
grid-0467,30000000,460000,livelihood,unknown,fail,unresolved,[],outside,unresolved
grid-0468,30000000,460000,medical,unknown,fail,unresolved,[],outside,unresolved
grid-0469,30000000,460000,housing,fail,fail,outside,[],outside,outside
grid-0470,30000000,460001,none,fail,pass,included,"[[""housing""]]",included,included
grid-0471,30000000,460001,education,fail,pass,included,"[[""housing""]]",included,included
grid-0472,30000000,460001,livelihood,fail,fail,outside,[],outside,included
grid-0473,30000000,460001,medical,fail,fail,outside,[],outside,included
grid-0474,30000000,460001,housing,fail,fail,outside,[],outside,outside
grid-0475,30000000,480000,none,fail,pass,included,"[[""housing""]]",included,included
grid-0476,30000000,480000,education,fail,pass,included,"[[""housing""]]",included,included
grid-0477,30000000,480000,livelihood,fail,fail,outside,[],outside,included
grid-0478,30000000,480000,medical,fail,fail,outside,[],outside,included
grid-0479,30000000,480000,housing,fail,fail,outside,[],outside,outside
grid-0480,30000000,550000,none,fail,pass,included,"[[""housing""]]",included,included
grid-0481,30000000,550000,education,fail,pass,included,"[[""housing""]]",included,included
grid-0482,30000000,550000,livelihood,fail,fail,outside,[],outside,included
grid-0483,30000000,550000,medical,fail,fail,outside,[],outside,included
grid-0484,30000000,550000,housing,fail,fail,outside,[],outside,outside
grid-0485,30000000,550001,none,fail,pass,included,"[[""housing""]]",included,included
grid-0486,30000000,550001,education,fail,pass,included,"[[""housing""]]",included,included
grid-0487,30000000,550001,livelihood,fail,fail,outside,[],outside,included
grid-0488,30000000,550001,medical,fail,fail,outside,[],outside,included
grid-0489,30000000,550001,housing,fail,fail,outside,[],outside,outside
grid-0490,30000000,1000000,none,fail,pass,included,"[[""housing""]]",included,included
grid-0491,30000000,1000000,education,fail,pass,included,"[[""housing""]]",included,included
grid-0492,30000000,1000000,livelihood,fail,fail,outside,[],outside,included
grid-0493,30000000,1000000,medical,fail,fail,outside,[],outside,included
grid-0494,30000000,1000000,housing,fail,fail,outside,[],outside,outside
grid-0495,30000000,1000001,none,fail,pass,included,"[[""housing""]]",included,included
grid-0496,30000000,1000001,education,fail,pass,included,"[[""housing""]]",included,included
grid-0497,30000000,1000001,livelihood,fail,fail,outside,[],outside,included
grid-0498,30000000,1000001,medical,fail,fail,outside,[],outside,included
grid-0499,30000000,1000001,housing,fail,fail,outside,[],outside,outside
grid-0500,30000000,2000000,none,fail,fail,outside,[],outside,outside
grid-0501,30000000,2000000,education,fail,fail,outside,[],outside,outside
grid-0502,30000000,2000000,livelihood,fail,fail,outside,[],outside,outside
grid-0503,30000000,2000000,medical,fail,fail,outside,[],outside,outside
grid-0504,30000000,2000000,housing,fail,fail,outside,[],outside,outside
grid-0505,30000000,2000001,none,fail,fail,outside,[],outside,outside
grid-0506,30000000,2000001,education,fail,fail,outside,[],outside,outside
grid-0507,30000000,2000001,livelihood,fail,fail,outside,[],outside,outside
grid-0508,30000000,2000001,medical,fail,fail,outside,[],outside,outside
grid-0509,30000000,2000001,housing,fail,fail,outside,[],outside,outside
grid-0510,31999999,0,none,pass,pass,retained,[],retained,retained
grid-0511,31999999,0,education,pass,pass,retained,[],retained,retained
grid-0512,31999999,0,livelihood,pass,fail,excluded,"[[""welfare""]]",excluded,retained
grid-0513,31999999,0,medical,pass,fail,excluded,"[[""welfare""]]",excluded,retained
grid-0514,31999999,0,housing,fail,fail,outside,[],outside,outside
grid-0515,31999999,399999,none,pass,pass,retained,[],retained,retained
grid-0516,31999999,399999,education,pass,pass,retained,[],retained,retained
grid-0517,31999999,399999,livelihood,pass,fail,excluded,"[[""welfare""]]",excluded,retained
grid-0518,31999999,399999,medical,pass,fail,excluded,"[[""welfare""]]",excluded,retained
grid-0519,31999999,399999,housing,fail,fail,outside,[],outside,outside
grid-0520,31999999,400000,none,pass,pass,retained,[],retained,retained
grid-0521,31999999,400000,education,pass,pass,retained,[],retained,retained
grid-0522,31999999,400000,livelihood,pass,fail,excluded,"[[""welfare""]]",excluded,retained
grid-0523,31999999,400000,medical,pass,fail,excluded,"[[""welfare""]]",excluded,retained
grid-0524,31999999,400000,housing,fail,fail,outside,[],outside,outside
grid-0525,31999999,400001,none,pass,pass,retained,[],included,retained
grid-0526,31999999,400001,education,pass,pass,retained,[],included,retained
grid-0527,31999999,400001,livelihood,pass,fail,excluded,"[[""welfare""]]",outside,retained
grid-0528,31999999,400001,medical,pass,fail,excluded,"[[""welfare""]]",outside,retained
grid-0529,31999999,400001,housing,fail,fail,outside,[],outside,outside
grid-0530,31999999,450000,none,pass,pass,retained,[],included,retained
grid-0531,31999999,450000,education,pass,pass,retained,[],included,retained
grid-0532,31999999,450000,livelihood,pass,fail,excluded,"[[""welfare""]]",outside,retained
grid-0533,31999999,450000,medical,pass,fail,excluded,"[[""welfare""]]",outside,retained
grid-0534,31999999,450000,housing,fail,fail,outside,[],outside,outside
grid-0535,31999999,456999,none,unknown,pass,unresolved,[],included,unresolved
grid-0536,31999999,456999,education,unknown,pass,unresolved,[],included,unresolved
grid-0537,31999999,456999,livelihood,unknown,fail,unresolved,[],outside,unresolved
grid-0538,31999999,456999,medical,unknown,fail,unresolved,[],outside,unresolved
grid-0539,31999999,456999,housing,fail,fail,outside,[],outside,outside
grid-0540,31999999,457000,none,unknown,pass,unresolved,[],included,unresolved
grid-0541,31999999,457000,education,unknown,pass,unresolved,[],included,unresolved
grid-0542,31999999,457000,livelihood,unknown,fail,unresolved,[],outside,unresolved
grid-0543,31999999,457000,medical,unknown,fail,unresolved,[],outside,unresolved
grid-0544,31999999,457000,housing,fail,fail,outside,[],outside,outside
grid-0545,31999999,457001,none,unknown,pass,unresolved,[],included,unresolved
grid-0546,31999999,457001,education,unknown,pass,unresolved,[],included,unresolved
grid-0547,31999999,457001,livelihood,unknown,fail,unresolved,[],outside,unresolved
grid-0548,31999999,457001,medical,unknown,fail,unresolved,[],outside,unresolved
grid-0549,31999999,457001,housing,fail,fail,outside,[],outside,outside
grid-0550,31999999,460000,none,unknown,pass,unresolved,[],included,unresolved
grid-0551,31999999,460000,education,unknown,pass,unresolved,[],included,unresolved
grid-0552,31999999,460000,livelihood,unknown,fail,unresolved,[],outside,unresolved
grid-0553,31999999,460000,medical,unknown,fail,unresolved,[],outside,unresolved
grid-0554,31999999,460000,housing,fail,fail,outside,[],outside,outside
grid-0555,31999999,460001,none,fail,pass,included,"[[""housing""]]",included,included
grid-0556,31999999,460001,education,fail,pass,included,"[[""housing""]]",included,included
grid-0557,31999999,460001,livelihood,fail,fail,outside,[],outside,included
grid-0558,31999999,460001,medical,fail,fail,outside,[],outside,included
grid-0559,31999999,460001,housing,fail,fail,outside,[],outside,outside
grid-0560,31999999,480000,none,fail,pass,included,"[[""housing""]]",included,included
grid-0561,31999999,480000,education,fail,pass,included,"[[""housing""]]",included,included
grid-0562,31999999,480000,livelihood,fail,fail,outside,[],outside,included
grid-0563,31999999,480000,medical,fail,fail,outside,[],outside,included
grid-0564,31999999,480000,housing,fail,fail,outside,[],outside,outside
grid-0565,31999999,550000,none,fail,pass,included,"[[""housing""]]",included,included
grid-0566,31999999,550000,education,fail,pass,included,"[[""housing""]]",included,included
grid-0567,31999999,550000,livelihood,fail,fail,outside,[],outside,included
grid-0568,31999999,550000,medical,fail,fail,outside,[],outside,included
grid-0569,31999999,550000,housing,fail,fail,outside,[],outside,outside
grid-0570,31999999,550001,none,fail,pass,included,"[[""housing""]]",included,included
grid-0571,31999999,550001,education,fail,pass,included,"[[""housing""]]",included,included
grid-0572,31999999,550001,livelihood,fail,fail,outside,[],outside,included
grid-0573,31999999,550001,medical,fail,fail,outside,[],outside,included
grid-0574,31999999,550001,housing,fail,fail,outside,[],outside,outside
grid-0575,31999999,1000000,none,fail,pass,included,"[[""housing""]]",included,included
grid-0576,31999999,1000000,education,fail,pass,included,"[[""housing""]]",included,included
grid-0577,31999999,1000000,livelihood,fail,fail,outside,[],outside,included
grid-0578,31999999,1000000,medical,fail,fail,outside,[],outside,included
grid-0579,31999999,1000000,housing,fail,fail,outside,[],outside,outside
grid-0580,31999999,1000001,none,fail,pass,included,"[[""housing""]]",included,included
grid-0581,31999999,1000001,education,fail,pass,included,"[[""housing""]]",included,included
grid-0582,31999999,1000001,livelihood,fail,fail,outside,[],outside,included
grid-0583,31999999,1000001,medical,fail,fail,outside,[],outside,included
grid-0584,31999999,1000001,housing,fail,fail,outside,[],outside,outside
grid-0585,31999999,2000000,none,fail,fail,outside,[],outside,outside
grid-0586,31999999,2000000,education,fail,fail,outside,[],outside,outside
grid-0587,31999999,2000000,livelihood,fail,fail,outside,[],outside,outside
grid-0588,31999999,2000000,medical,fail,fail,outside,[],outside,outside
grid-0589,31999999,2000000,housing,fail,fail,outside,[],outside,outside
grid-0590,31999999,2000001,none,fail,fail,outside,[],outside,outside
grid-0591,31999999,2000001,education,fail,fail,outside,[],outside,outside
grid-0592,31999999,2000001,livelihood,fail,fail,outside,[],outside,outside
grid-0593,31999999,2000001,medical,fail,fail,outside,[],outside,outside
grid-0594,31999999,2000001,housing,fail,fail,outside,[],outside,outside
grid-0595,32000000,0,none,pass,pass,retained,[],retained,retained
grid-0596,32000000,0,education,pass,pass,retained,[],retained,retained
grid-0597,32000000,0,livelihood,pass,fail,excluded,"[[""welfare""]]",excluded,retained
grid-0598,32000000,0,medical,pass,fail,excluded,"[[""welfare""]]",excluded,retained
grid-0599,32000000,0,housing,fail,fail,outside,[],outside,outside
grid-0600,32000000,399999,none,pass,pass,retained,[],retained,retained
grid-0601,32000000,399999,education,pass,pass,retained,[],retained,retained
grid-0602,32000000,399999,livelihood,pass,fail,excluded,"[[""welfare""]]",excluded,retained
grid-0603,32000000,399999,medical,pass,fail,excluded,"[[""welfare""]]",excluded,retained
grid-0604,32000000,399999,housing,fail,fail,outside,[],outside,outside
grid-0605,32000000,400000,none,pass,pass,retained,[],retained,retained
grid-0606,32000000,400000,education,pass,pass,retained,[],retained,retained
grid-0607,32000000,400000,livelihood,pass,fail,excluded,"[[""welfare""]]",excluded,retained
grid-0608,32000000,400000,medical,pass,fail,excluded,"[[""welfare""]]",excluded,retained
grid-0609,32000000,400000,housing,fail,fail,outside,[],outside,outside
grid-0610,32000000,400001,none,pass,pass,retained,[],included,retained
grid-0611,32000000,400001,education,pass,pass,retained,[],included,retained
grid-0612,32000000,400001,livelihood,pass,fail,excluded,"[[""welfare""]]",outside,retained
grid-0613,32000000,400001,medical,pass,fail,excluded,"[[""welfare""]]",outside,retained
grid-0614,32000000,400001,housing,fail,fail,outside,[],outside,outside
grid-0615,32000000,450000,none,pass,pass,retained,[],included,retained
grid-0616,32000000,450000,education,pass,pass,retained,[],included,retained
grid-0617,32000000,450000,livelihood,pass,fail,excluded,"[[""welfare""]]",outside,retained
grid-0618,32000000,450000,medical,pass,fail,excluded,"[[""welfare""]]",outside,retained
grid-0619,32000000,450000,housing,fail,fail,outside,[],outside,outside
grid-0620,32000000,456999,none,fail,pass,included,"[[""housing""]]",included,included
grid-0621,32000000,456999,education,fail,pass,included,"[[""housing""]]",included,included
grid-0622,32000000,456999,livelihood,fail,fail,outside,[],outside,included
grid-0623,32000000,456999,medical,fail,fail,outside,[],outside,included
grid-0624,32000000,456999,housing,fail,fail,outside,[],outside,outside
grid-0625,32000000,457000,none,fail,pass,included,"[[""housing""]]",included,included
grid-0626,32000000,457000,education,fail,pass,included,"[[""housing""]]",included,included
grid-0627,32000000,457000,livelihood,fail,fail,outside,[],outside,included
grid-0628,32000000,457000,medical,fail,fail,outside,[],outside,included
grid-0629,32000000,457000,housing,fail,fail,outside,[],outside,outside
grid-0630,32000000,457001,none,fail,pass,included,"[[""housing""]]",included,included
grid-0631,32000000,457001,education,fail,pass,included,"[[""housing""]]",included,included
grid-0632,32000000,457001,livelihood,fail,fail,outside,[],outside,included
grid-0633,32000000,457001,medical,fail,fail,outside,[],outside,included
grid-0634,32000000,457001,housing,fail,fail,outside,[],outside,outside
grid-0635,32000000,460000,none,fail,pass,included,"[[""housing""]]",included,included
grid-0636,32000000,460000,education,fail,pass,included,"[[""housing""]]",included,included
grid-0637,32000000,460000,livelihood,fail,fail,outside,[],outside,included
grid-0638,32000000,460000,medical,fail,fail,outside,[],outside,included
grid-0639,32000000,460000,housing,fail,fail,outside,[],outside,outside
grid-0640,32000000,460001,none,fail,pass,included,"[[""housing""]]",included,included
grid-0641,32000000,460001,education,fail,pass,included,"[[""housing""]]",included,included
grid-0642,32000000,460001,livelihood,fail,fail,outside,[],outside,included
grid-0643,32000000,460001,medical,fail,fail,outside,[],outside,included
grid-0644,32000000,460001,housing,fail,fail,outside,[],outside,outside
grid-0645,32000000,480000,none,fail,pass,included,"[[""housing""]]",included,included
grid-0646,32000000,480000,education,fail,pass,included,"[[""housing""]]",included,included
grid-0647,32000000,480000,livelihood,fail,fail,outside,[],outside,included
grid-0648,32000000,480000,medical,fail,fail,outside,[],outside,included
grid-0649,32000000,480000,housing,fail,fail,outside,[],outside,outside
grid-0650,32000000,550000,none,fail,pass,included,"[[""housing""]]",included,included
grid-0651,32000000,550000,education,fail,pass,included,"[[""housing""]]",included,included
grid-0652,32000000,550000,livelihood,fail,fail,outside,[],outside,included
grid-0653,32000000,550000,medical,fail,fail,outside,[],outside,included
grid-0654,32000000,550000,housing,fail,fail,outside,[],outside,outside
grid-0655,32000000,550001,none,fail,pass,included,"[[""housing""]]",included,included
grid-0656,32000000,550001,education,fail,pass,included,"[[""housing""]]",included,included
grid-0657,32000000,550001,livelihood,fail,fail,outside,[],outside,included
grid-0658,32000000,550001,medical,fail,fail,outside,[],outside,included
grid-0659,32000000,550001,housing,fail,fail,outside,[],outside,outside
grid-0660,32000000,1000000,none,fail,pass,included,"[[""housing""]]",included,included
grid-0661,32000000,1000000,education,fail,pass,included,"[[""housing""]]",included,included
grid-0662,32000000,1000000,livelihood,fail,fail,outside,[],outside,included
grid-0663,32000000,1000000,medical,fail,fail,outside,[],outside,included
grid-0664,32000000,1000000,housing,fail,fail,outside,[],outside,outside
grid-0665,32000000,1000001,none,fail,pass,included,"[[""housing""]]",included,included
grid-0666,32000000,1000001,education,fail,pass,included,"[[""housing""]]",included,included
grid-0667,32000000,1000001,livelihood,fail,fail,outside,[],outside,included
grid-0668,32000000,1000001,medical,fail,fail,outside,[],outside,included
grid-0669,32000000,1000001,housing,fail,fail,outside,[],outside,outside
grid-0670,32000000,2000000,none,fail,fail,outside,[],outside,outside
grid-0671,32000000,2000000,education,fail,fail,outside,[],outside,outside
grid-0672,32000000,2000000,livelihood,fail,fail,outside,[],outside,outside
grid-0673,32000000,2000000,medical,fail,fail,outside,[],outside,outside
grid-0674,32000000,2000000,housing,fail,fail,outside,[],outside,outside
grid-0675,32000000,2000001,none,fail,fail,outside,[],outside,outside
grid-0676,32000000,2000001,education,fail,fail,outside,[],outside,outside
grid-0677,32000000,2000001,livelihood,fail,fail,outside,[],outside,outside
grid-0678,32000000,2000001,medical,fail,fail,outside,[],outside,outside
grid-0679,32000000,2000001,housing,fail,fail,outside,[],outside,outside
grid-0680,47999999,0,none,pass,pass,retained,[],retained,retained
grid-0681,47999999,0,education,pass,pass,retained,[],retained,retained
grid-0682,47999999,0,livelihood,pass,fail,excluded,"[[""welfare""]]",excluded,retained
grid-0683,47999999,0,medical,pass,fail,excluded,"[[""welfare""]]",excluded,retained
grid-0684,47999999,0,housing,fail,fail,outside,[],outside,outside
grid-0685,47999999,399999,none,pass,pass,retained,[],retained,retained
grid-0686,47999999,399999,education,pass,pass,retained,[],retained,retained
grid-0687,47999999,399999,livelihood,pass,fail,excluded,"[[""welfare""]]",excluded,retained
grid-0688,47999999,399999,medical,pass,fail,excluded,"[[""welfare""]]",excluded,retained
grid-0689,47999999,399999,housing,fail,fail,outside,[],outside,outside
grid-0690,47999999,400000,none,pass,pass,retained,[],retained,retained
grid-0691,47999999,400000,education,pass,pass,retained,[],retained,retained
grid-0692,47999999,400000,livelihood,pass,fail,excluded,"[[""welfare""]]",excluded,retained
grid-0693,47999999,400000,medical,pass,fail,excluded,"[[""welfare""]]",excluded,retained
grid-0694,47999999,400000,housing,fail,fail,outside,[],outside,outside
grid-0695,47999999,400001,none,pass,pass,retained,[],included,retained
grid-0696,47999999,400001,education,pass,pass,retained,[],included,retained
grid-0697,47999999,400001,livelihood,pass,fail,excluded,"[[""welfare""]]",outside,retained
grid-0698,47999999,400001,medical,pass,fail,excluded,"[[""welfare""]]",outside,retained
grid-0699,47999999,400001,housing,fail,fail,outside,[],outside,outside
grid-0700,47999999,450000,none,fail,pass,included,"[[""housing""]]",included,included
grid-0701,47999999,450000,education,fail,pass,included,"[[""housing""]]",included,included
grid-0702,47999999,450000,livelihood,fail,fail,outside,[],outside,included
grid-0703,47999999,450000,medical,fail,fail,outside,[],outside,included
grid-0704,47999999,450000,housing,fail,fail,outside,[],outside,outside
grid-0705,47999999,456999,none,fail,pass,included,"[[""housing""]]",included,included
grid-0706,47999999,456999,education,fail,pass,included,"[[""housing""]]",included,included
grid-0707,47999999,456999,livelihood,fail,fail,outside,[],outside,included
grid-0708,47999999,456999,medical,fail,fail,outside,[],outside,included
grid-0709,47999999,456999,housing,fail,fail,outside,[],outside,outside
grid-0710,47999999,457000,none,fail,pass,included,"[[""housing""]]",included,included
grid-0711,47999999,457000,education,fail,pass,included,"[[""housing""]]",included,included
grid-0712,47999999,457000,livelihood,fail,fail,outside,[],outside,included
grid-0713,47999999,457000,medical,fail,fail,outside,[],outside,included
grid-0714,47999999,457000,housing,fail,fail,outside,[],outside,outside
grid-0715,47999999,457001,none,fail,pass,included,"[[""housing""]]",included,included
grid-0716,47999999,457001,education,fail,pass,included,"[[""housing""]]",included,included
grid-0717,47999999,457001,livelihood,fail,fail,outside,[],outside,included
grid-0718,47999999,457001,medical,fail,fail,outside,[],outside,included
grid-0719,47999999,457001,housing,fail,fail,outside,[],outside,outside
grid-0720,47999999,460000,none,fail,pass,included,"[[""housing""]]",included,included
grid-0721,47999999,460000,education,fail,pass,included,"[[""housing""]]",included,included
grid-0722,47999999,460000,livelihood,fail,fail,outside,[],outside,included
grid-0723,47999999,460000,medical,fail,fail,outside,[],outside,included
grid-0724,47999999,460000,housing,fail,fail,outside,[],outside,outside
grid-0725,47999999,460001,none,fail,pass,included,"[[""housing""]]",included,included
grid-0726,47999999,460001,education,fail,pass,included,"[[""housing""]]",included,included
grid-0727,47999999,460001,livelihood,fail,fail,outside,[],outside,included
grid-0728,47999999,460001,medical,fail,fail,outside,[],outside,included
grid-0729,47999999,460001,housing,fail,fail,outside,[],outside,outside
grid-0730,47999999,480000,none,fail,pass,included,"[[""housing""]]",included,included
grid-0731,47999999,480000,education,fail,pass,included,"[[""housing""]]",included,included
grid-0732,47999999,480000,livelihood,fail,fail,outside,[],outside,included
grid-0733,47999999,480000,medical,fail,fail,outside,[],outside,included
grid-0734,47999999,480000,housing,fail,fail,outside,[],outside,outside
grid-0735,47999999,550000,none,fail,pass,included,"[[""housing""]]",included,included
grid-0736,47999999,550000,education,fail,pass,included,"[[""housing""]]",included,included
grid-0737,47999999,550000,livelihood,fail,fail,outside,[],outside,included
grid-0738,47999999,550000,medical,fail,fail,outside,[],outside,included
grid-0739,47999999,550000,housing,fail,fail,outside,[],outside,outside
grid-0740,47999999,550001,none,fail,pass,included,"[[""housing""]]",included,included
grid-0741,47999999,550001,education,fail,pass,included,"[[""housing""]]",included,included
grid-0742,47999999,550001,livelihood,fail,fail,outside,[],outside,included
grid-0743,47999999,550001,medical,fail,fail,outside,[],outside,included
grid-0744,47999999,550001,housing,fail,fail,outside,[],outside,outside
grid-0745,47999999,1000000,none,fail,pass,included,"[[""housing""]]",included,included
grid-0746,47999999,1000000,education,fail,pass,included,"[[""housing""]]",included,included
grid-0747,47999999,1000000,livelihood,fail,fail,outside,[],outside,included
grid-0748,47999999,1000000,medical,fail,fail,outside,[],outside,included
grid-0749,47999999,1000000,housing,fail,fail,outside,[],outside,outside
grid-0750,47999999,1000001,none,fail,pass,included,"[[""housing""]]",included,included
grid-0751,47999999,1000001,education,fail,pass,included,"[[""housing""]]",included,included
grid-0752,47999999,1000001,livelihood,fail,fail,outside,[],outside,included
grid-0753,47999999,1000001,medical,fail,fail,outside,[],outside,included
grid-0754,47999999,1000001,housing,fail,fail,outside,[],outside,outside
grid-0755,47999999,2000000,none,fail,fail,outside,[],outside,outside
grid-0756,47999999,2000000,education,fail,fail,outside,[],outside,outside
grid-0757,47999999,2000000,livelihood,fail,fail,outside,[],outside,outside
grid-0758,47999999,2000000,medical,fail,fail,outside,[],outside,outside
grid-0759,47999999,2000000,housing,fail,fail,outside,[],outside,outside
grid-0760,47999999,2000001,none,fail,fail,outside,[],outside,outside
grid-0761,47999999,2000001,education,fail,fail,outside,[],outside,outside
grid-0762,47999999,2000001,livelihood,fail,fail,outside,[],outside,outside
grid-0763,47999999,2000001,medical,fail,fail,outside,[],outside,outside
grid-0764,47999999,2000001,housing,fail,fail,outside,[],outside,outside
grid-0765,48000000,0,none,pass,pass,retained,[],retained,retained
grid-0766,48000000,0,education,pass,pass,retained,[],retained,retained
grid-0767,48000000,0,livelihood,pass,fail,excluded,"[[""welfare""]]",excluded,retained
grid-0768,48000000,0,medical,pass,fail,excluded,"[[""welfare""]]",excluded,retained
grid-0769,48000000,0,housing,fail,fail,outside,[],outside,outside
grid-0770,48000000,399999,none,pass,pass,retained,[],retained,retained
grid-0771,48000000,399999,education,pass,pass,retained,[],retained,retained
grid-0772,48000000,399999,livelihood,pass,fail,excluded,"[[""welfare""]]",excluded,retained
grid-0773,48000000,399999,medical,pass,fail,excluded,"[[""welfare""]]",excluded,retained
grid-0774,48000000,399999,housing,fail,fail,outside,[],outside,outside
grid-0775,48000000,400000,none,pass,pass,retained,[],retained,retained
grid-0776,48000000,400000,education,pass,pass,retained,[],retained,retained
grid-0777,48000000,400000,livelihood,pass,fail,excluded,"[[""welfare""]]",excluded,retained
grid-0778,48000000,400000,medical,pass,fail,excluded,"[[""welfare""]]",excluded,retained
grid-0779,48000000,400000,housing,fail,fail,outside,[],outside,outside
grid-0780,48000000,400001,none,fail,pass,included,"[[""housing""]]",included,included
grid-0781,48000000,400001,education,fail,pass,included,"[[""housing""]]",included,included
grid-0782,48000000,400001,livelihood,fail,fail,outside,[],outside,included
grid-0783,48000000,400001,medical,fail,fail,outside,[],outside,included
grid-0784,48000000,400001,housing,fail,fail,outside,[],outside,outside
grid-0785,48000000,450000,none,fail,pass,included,"[[""housing""]]",included,included
grid-0786,48000000,450000,education,fail,pass,included,"[[""housing""]]",included,included
grid-0787,48000000,450000,livelihood,fail,fail,outside,[],outside,included
grid-0788,48000000,450000,medical,fail,fail,outside,[],outside,included
grid-0789,48000000,450000,housing,fail,fail,outside,[],outside,outside
grid-0790,48000000,456999,none,fail,pass,included,"[[""housing""]]",included,included
grid-0791,48000000,456999,education,fail,pass,included,"[[""housing""]]",included,included
grid-0792,48000000,456999,livelihood,fail,fail,outside,[],outside,included
grid-0793,48000000,456999,medical,fail,fail,outside,[],outside,included
grid-0794,48000000,456999,housing,fail,fail,outside,[],outside,outside
grid-0795,48000000,457000,none,fail,pass,included,"[[""housing""]]",included,included
grid-0796,48000000,457000,education,fail,pass,included,"[[""housing""]]",included,included
grid-0797,48000000,457000,livelihood,fail,fail,outside,[],outside,included
grid-0798,48000000,457000,medical,fail,fail,outside,[],outside,included
grid-0799,48000000,457000,housing,fail,fail,outside,[],outside,outside
grid-0800,48000000,457001,none,fail,pass,included,"[[""housing""]]",included,included
grid-0801,48000000,457001,education,fail,pass,included,"[[""housing""]]",included,included
grid-0802,48000000,457001,livelihood,fail,fail,outside,[],outside,included
grid-0803,48000000,457001,medical,fail,fail,outside,[],outside,included
grid-0804,48000000,457001,housing,fail,fail,outside,[],outside,outside
grid-0805,48000000,460000,none,fail,pass,included,"[[""housing""]]",included,included
grid-0806,48000000,460000,education,fail,pass,included,"[[""housing""]]",included,included
grid-0807,48000000,460000,livelihood,fail,fail,outside,[],outside,included
grid-0808,48000000,460000,medical,fail,fail,outside,[],outside,included
grid-0809,48000000,460000,housing,fail,fail,outside,[],outside,outside
grid-0810,48000000,460001,none,fail,pass,included,"[[""housing""]]",included,included
grid-0811,48000000,460001,education,fail,pass,included,"[[""housing""]]",included,included
grid-0812,48000000,460001,livelihood,fail,fail,outside,[],outside,included
grid-0813,48000000,460001,medical,fail,fail,outside,[],outside,included
grid-0814,48000000,460001,housing,fail,fail,outside,[],outside,outside
grid-0815,48000000,480000,none,fail,pass,included,"[[""housing""]]",included,included
grid-0816,48000000,480000,education,fail,pass,included,"[[""housing""]]",included,included
grid-0817,48000000,480000,livelihood,fail,fail,outside,[],outside,included
grid-0818,48000000,480000,medical,fail,fail,outside,[],outside,included
grid-0819,48000000,480000,housing,fail,fail,outside,[],outside,outside
grid-0820,48000000,550000,none,fail,pass,included,"[[""housing""]]",included,included
grid-0821,48000000,550000,education,fail,pass,included,"[[""housing""]]",included,included
grid-0822,48000000,550000,livelihood,fail,fail,outside,[],outside,included
grid-0823,48000000,550000,medical,fail,fail,outside,[],outside,included
grid-0824,48000000,550000,housing,fail,fail,outside,[],outside,outside
grid-0825,48000000,550001,none,fail,pass,included,"[[""housing""]]",included,included
grid-0826,48000000,550001,education,fail,pass,included,"[[""housing""]]",included,included
grid-0827,48000000,550001,livelihood,fail,fail,outside,[],outside,included
grid-0828,48000000,550001,medical,fail,fail,outside,[],outside,included
grid-0829,48000000,550001,housing,fail,fail,outside,[],outside,outside
grid-0830,48000000,1000000,none,fail,pass,included,"[[""housing""]]",included,included
grid-0831,48000000,1000000,education,fail,pass,included,"[[""housing""]]",included,included
grid-0832,48000000,1000000,livelihood,fail,fail,outside,[],outside,included
grid-0833,48000000,1000000,medical,fail,fail,outside,[],outside,included
grid-0834,48000000,1000000,housing,fail,fail,outside,[],outside,outside
grid-0835,48000000,1000001,none,fail,pass,included,"[[""housing""]]",included,included
grid-0836,48000000,1000001,education,fail,pass,included,"[[""housing""]]",included,included
grid-0837,48000000,1000001,livelihood,fail,fail,outside,[],outside,included
grid-0838,48000000,1000001,medical,fail,fail,outside,[],outside,included
grid-0839,48000000,1000001,housing,fail,fail,outside,[],outside,outside
grid-0840,48000000,2000000,none,fail,fail,outside,[],outside,outside
grid-0841,48000000,2000000,education,fail,fail,outside,[],outside,outside
grid-0842,48000000,2000000,livelihood,fail,fail,outside,[],outside,outside
grid-0843,48000000,2000000,medical,fail,fail,outside,[],outside,outside
grid-0844,48000000,2000000,housing,fail,fail,outside,[],outside,outside
grid-0845,48000000,2000001,none,fail,fail,outside,[],outside,outside
grid-0846,48000000,2000001,education,fail,fail,outside,[],outside,outside
grid-0847,48000000,2000001,livelihood,fail,fail,outside,[],outside,outside
grid-0848,48000000,2000001,medical,fail,fail,outside,[],outside,outside
grid-0849,48000000,2000001,housing,fail,fail,outside,[],outside,outside
grid-0850,50000000,0,none,pass,pass,retained,[],retained,retained
grid-0851,50000000,0,education,pass,pass,retained,[],retained,retained
grid-0852,50000000,0,livelihood,pass,fail,excluded,"[[""welfare""]]",excluded,retained
grid-0853,50000000,0,medical,pass,fail,excluded,"[[""welfare""]]",excluded,retained
grid-0854,50000000,0,housing,fail,fail,outside,[],outside,outside
grid-0855,50000000,399999,none,pass,pass,retained,[],retained,retained
grid-0856,50000000,399999,education,pass,pass,retained,[],retained,retained
grid-0857,50000000,399999,livelihood,pass,fail,excluded,"[[""welfare""]]",excluded,retained
grid-0858,50000000,399999,medical,pass,fail,excluded,"[[""welfare""]]",excluded,retained
grid-0859,50000000,399999,housing,fail,fail,outside,[],outside,outside
grid-0860,50000000,400000,none,pass,pass,retained,[],retained,retained
grid-0861,50000000,400000,education,pass,pass,retained,[],retained,retained
grid-0862,50000000,400000,livelihood,pass,fail,excluded,"[[""welfare""]]",excluded,retained
grid-0863,50000000,400000,medical,pass,fail,excluded,"[[""welfare""]]",excluded,retained
grid-0864,50000000,400000,housing,fail,fail,outside,[],outside,outside
grid-0865,50000000,400001,none,fail,pass,included,"[[""housing""]]",included,included
grid-0866,50000000,400001,education,fail,pass,included,"[[""housing""]]",included,included
grid-0867,50000000,400001,livelihood,fail,fail,outside,[],outside,included
grid-0868,50000000,400001,medical,fail,fail,outside,[],outside,included
grid-0869,50000000,400001,housing,fail,fail,outside,[],outside,outside
grid-0870,50000000,450000,none,fail,pass,included,"[[""housing""]]",included,included
grid-0871,50000000,450000,education,fail,pass,included,"[[""housing""]]",included,included
grid-0872,50000000,450000,livelihood,fail,fail,outside,[],outside,included
grid-0873,50000000,450000,medical,fail,fail,outside,[],outside,included
grid-0874,50000000,450000,housing,fail,fail,outside,[],outside,outside
grid-0875,50000000,456999,none,fail,pass,included,"[[""housing""]]",included,included
grid-0876,50000000,456999,education,fail,pass,included,"[[""housing""]]",included,included
grid-0877,50000000,456999,livelihood,fail,fail,outside,[],outside,included
grid-0878,50000000,456999,medical,fail,fail,outside,[],outside,included
grid-0879,50000000,456999,housing,fail,fail,outside,[],outside,outside
grid-0880,50000000,457000,none,fail,pass,included,"[[""housing""]]",included,included
grid-0881,50000000,457000,education,fail,pass,included,"[[""housing""]]",included,included
grid-0882,50000000,457000,livelihood,fail,fail,outside,[],outside,included
grid-0883,50000000,457000,medical,fail,fail,outside,[],outside,included
grid-0884,50000000,457000,housing,fail,fail,outside,[],outside,outside
grid-0885,50000000,457001,none,fail,pass,included,"[[""housing""]]",included,included
grid-0886,50000000,457001,education,fail,pass,included,"[[""housing""]]",included,included
grid-0887,50000000,457001,livelihood,fail,fail,outside,[],outside,included
grid-0888,50000000,457001,medical,fail,fail,outside,[],outside,included
grid-0889,50000000,457001,housing,fail,fail,outside,[],outside,outside
grid-0890,50000000,460000,none,fail,pass,included,"[[""housing""]]",included,included
grid-0891,50000000,460000,education,fail,pass,included,"[[""housing""]]",included,included
grid-0892,50000000,460000,livelihood,fail,fail,outside,[],outside,included
grid-0893,50000000,460000,medical,fail,fail,outside,[],outside,included
grid-0894,50000000,460000,housing,fail,fail,outside,[],outside,outside
grid-0895,50000000,460001,none,fail,pass,included,"[[""housing""]]",included,included
grid-0896,50000000,460001,education,fail,pass,included,"[[""housing""]]",included,included
grid-0897,50000000,460001,livelihood,fail,fail,outside,[],outside,included
grid-0898,50000000,460001,medical,fail,fail,outside,[],outside,included
grid-0899,50000000,460001,housing,fail,fail,outside,[],outside,outside
grid-0900,50000000,480000,none,fail,pass,included,"[[""housing""]]",included,included
grid-0901,50000000,480000,education,fail,pass,included,"[[""housing""]]",included,included
grid-0902,50000000,480000,livelihood,fail,fail,outside,[],outside,included
grid-0903,50000000,480000,medical,fail,fail,outside,[],outside,included
grid-0904,50000000,480000,housing,fail,fail,outside,[],outside,outside
grid-0905,50000000,550000,none,fail,pass,included,"[[""housing""]]",included,included
grid-0906,50000000,550000,education,fail,pass,included,"[[""housing""]]",included,included
grid-0907,50000000,550000,livelihood,fail,fail,outside,[],outside,included
grid-0908,50000000,550000,medical,fail,fail,outside,[],outside,included
grid-0909,50000000,550000,housing,fail,fail,outside,[],outside,outside
grid-0910,50000000,550001,none,fail,pass,included,"[[""housing""]]",included,included
grid-0911,50000000,550001,education,fail,pass,included,"[[""housing""]]",included,included
grid-0912,50000000,550001,livelihood,fail,fail,outside,[],outside,included
grid-0913,50000000,550001,medical,fail,fail,outside,[],outside,included
grid-0914,50000000,550001,housing,fail,fail,outside,[],outside,outside
grid-0915,50000000,1000000,none,fail,pass,included,"[[""housing""]]",included,included
grid-0916,50000000,1000000,education,fail,pass,included,"[[""housing""]]",included,included
grid-0917,50000000,1000000,livelihood,fail,fail,outside,[],outside,included
grid-0918,50000000,1000000,medical,fail,fail,outside,[],outside,included
grid-0919,50000000,1000000,housing,fail,fail,outside,[],outside,outside
grid-0920,50000000,1000001,none,fail,pass,included,"[[""housing""]]",included,included
grid-0921,50000000,1000001,education,fail,pass,included,"[[""housing""]]",included,included
grid-0922,50000000,1000001,livelihood,fail,fail,outside,[],outside,included
grid-0923,50000000,1000001,medical,fail,fail,outside,[],outside,included
grid-0924,50000000,1000001,housing,fail,fail,outside,[],outside,outside
grid-0925,50000000,2000000,none,fail,fail,outside,[],outside,outside
grid-0926,50000000,2000000,education,fail,fail,outside,[],outside,outside
grid-0927,50000000,2000000,livelihood,fail,fail,outside,[],outside,outside
grid-0928,50000000,2000000,medical,fail,fail,outside,[],outside,outside
grid-0929,50000000,2000000,housing,fail,fail,outside,[],outside,outside
grid-0930,50000000,2000001,none,fail,fail,outside,[],outside,outside
grid-0931,50000000,2000001,education,fail,fail,outside,[],outside,outside
grid-0932,50000000,2000001,livelihood,fail,fail,outside,[],outside,outside
grid-0933,50000000,2000001,medical,fail,fail,outside,[],outside,outside
grid-0934,50000000,2000001,housing,fail,fail,outside,[],outside,outside
grid-0935,50000001,0,none,fail,pass,included,"[[""housing""]]",included,included
grid-0936,50000001,0,education,fail,pass,included,"[[""housing""]]",included,included
grid-0937,50000001,0,livelihood,fail,fail,outside,[],outside,included
grid-0938,50000001,0,medical,fail,fail,outside,[],outside,included
grid-0939,50000001,0,housing,fail,fail,outside,[],outside,outside
grid-0940,50000001,399999,none,fail,pass,included,"[[""housing""]]",included,included
grid-0941,50000001,399999,education,fail,pass,included,"[[""housing""]]",included,included
grid-0942,50000001,399999,livelihood,fail,fail,outside,[],outside,included
grid-0943,50000001,399999,medical,fail,fail,outside,[],outside,included
grid-0944,50000001,399999,housing,fail,fail,outside,[],outside,outside
grid-0945,50000001,400000,none,fail,pass,included,"[[""housing""]]",included,included
grid-0946,50000001,400000,education,fail,pass,included,"[[""housing""]]",included,included
grid-0947,50000001,400000,livelihood,fail,fail,outside,[],outside,included
grid-0948,50000001,400000,medical,fail,fail,outside,[],outside,included
grid-0949,50000001,400000,housing,fail,fail,outside,[],outside,outside
grid-0950,50000001,400001,none,fail,pass,included,"[[""housing""]]",included,included
grid-0951,50000001,400001,education,fail,pass,included,"[[""housing""]]",included,included
grid-0952,50000001,400001,livelihood,fail,fail,outside,[],outside,included
grid-0953,50000001,400001,medical,fail,fail,outside,[],outside,included
grid-0954,50000001,400001,housing,fail,fail,outside,[],outside,outside
grid-0955,50000001,450000,none,fail,pass,included,"[[""housing""]]",included,included
grid-0956,50000001,450000,education,fail,pass,included,"[[""housing""]]",included,included
grid-0957,50000001,450000,livelihood,fail,fail,outside,[],outside,included
grid-0958,50000001,450000,medical,fail,fail,outside,[],outside,included
grid-0959,50000001,450000,housing,fail,fail,outside,[],outside,outside
grid-0960,50000001,456999,none,fail,pass,included,"[[""housing""]]",included,included
grid-0961,50000001,456999,education,fail,pass,included,"[[""housing""]]",included,included
grid-0962,50000001,456999,livelihood,fail,fail,outside,[],outside,included
grid-0963,50000001,456999,medical,fail,fail,outside,[],outside,included
grid-0964,50000001,456999,housing,fail,fail,outside,[],outside,outside
grid-0965,50000001,457000,none,fail,pass,included,"[[""housing""]]",included,included
grid-0966,50000001,457000,education,fail,pass,included,"[[""housing""]]",included,included
grid-0967,50000001,457000,livelihood,fail,fail,outside,[],outside,included
grid-0968,50000001,457000,medical,fail,fail,outside,[],outside,included
grid-0969,50000001,457000,housing,fail,fail,outside,[],outside,outside
grid-0970,50000001,457001,none,fail,pass,included,"[[""housing""]]",included,included
grid-0971,50000001,457001,education,fail,pass,included,"[[""housing""]]",included,included
grid-0972,50000001,457001,livelihood,fail,fail,outside,[],outside,included
grid-0973,50000001,457001,medical,fail,fail,outside,[],outside,included
grid-0974,50000001,457001,housing,fail,fail,outside,[],outside,outside
grid-0975,50000001,460000,none,fail,pass,included,"[[""housing""]]",included,included
grid-0976,50000001,460000,education,fail,pass,included,"[[""housing""]]",included,included
grid-0977,50000001,460000,livelihood,fail,fail,outside,[],outside,included
grid-0978,50000001,460000,medical,fail,fail,outside,[],outside,included
grid-0979,50000001,460000,housing,fail,fail,outside,[],outside,outside
grid-0980,50000001,460001,none,fail,pass,included,"[[""housing""]]",included,included
grid-0981,50000001,460001,education,fail,pass,included,"[[""housing""]]",included,included
grid-0982,50000001,460001,livelihood,fail,fail,outside,[],outside,included
grid-0983,50000001,460001,medical,fail,fail,outside,[],outside,included
grid-0984,50000001,460001,housing,fail,fail,outside,[],outside,outside
grid-0985,50000001,480000,none,fail,pass,included,"[[""housing""]]",included,included
grid-0986,50000001,480000,education,fail,pass,included,"[[""housing""]]",included,included
grid-0987,50000001,480000,livelihood,fail,fail,outside,[],outside,included
grid-0988,50000001,480000,medical,fail,fail,outside,[],outside,included
grid-0989,50000001,480000,housing,fail,fail,outside,[],outside,outside
grid-0990,50000001,550000,none,fail,pass,included,"[[""housing""]]",included,included
grid-0991,50000001,550000,education,fail,pass,included,"[[""housing""]]",included,included
grid-0992,50000001,550000,livelihood,fail,fail,outside,[],outside,included
grid-0993,50000001,550000,medical,fail,fail,outside,[],outside,included
grid-0994,50000001,550000,housing,fail,fail,outside,[],outside,outside
grid-0995,50000001,550001,none,fail,pass,included,"[[""housing""]]",included,included
grid-0996,50000001,550001,education,fail,pass,included,"[[""housing""]]",included,included
grid-0997,50000001,550001,livelihood,fail,fail,outside,[],outside,included
grid-0998,50000001,550001,medical,fail,fail,outside,[],outside,included
grid-0999,50000001,550001,housing,fail,fail,outside,[],outside,outside
grid-1000,50000001,1000000,none,fail,pass,included,"[[""housing""]]",included,included
grid-1001,50000001,1000000,education,fail,pass,included,"[[""housing""]]",included,included
grid-1002,50000001,1000000,livelihood,fail,fail,outside,[],outside,included
grid-1003,50000001,1000000,medical,fail,fail,outside,[],outside,included
grid-1004,50000001,1000000,housing,fail,fail,outside,[],outside,outside
grid-1005,50000001,1000001,none,fail,pass,included,"[[""housing""]]",included,included
grid-1006,50000001,1000001,education,fail,pass,included,"[[""housing""]]",included,included
grid-1007,50000001,1000001,livelihood,fail,fail,outside,[],outside,included
grid-1008,50000001,1000001,medical,fail,fail,outside,[],outside,included
grid-1009,50000001,1000001,housing,fail,fail,outside,[],outside,outside
grid-1010,50000001,2000000,none,fail,fail,outside,[],outside,outside
grid-1011,50000001,2000000,education,fail,fail,outside,[],outside,outside
grid-1012,50000001,2000000,livelihood,fail,fail,outside,[],outside,outside
grid-1013,50000001,2000000,medical,fail,fail,outside,[],outside,outside
grid-1014,50000001,2000000,housing,fail,fail,outside,[],outside,outside
grid-1015,50000001,2000001,none,fail,fail,outside,[],outside,outside
grid-1016,50000001,2000001,education,fail,fail,outside,[],outside,outside
grid-1017,50000001,2000001,livelihood,fail,fail,outside,[],outside,outside
grid-1018,50000001,2000001,medical,fail,fail,outside,[],outside,outside
grid-1019,50000001,2000001,housing,fail,fail,outside,[],outside,outside
grid-1020,100000000,0,none,fail,pass,included,"[[""housing""]]",included,included
grid-1021,100000000,0,education,fail,pass,included,"[[""housing""]]",included,included
grid-1022,100000000,0,livelihood,fail,fail,outside,[],outside,included
grid-1023,100000000,0,medical,fail,fail,outside,[],outside,included
grid-1024,100000000,0,housing,fail,fail,outside,[],outside,outside
grid-1025,100000000,399999,none,fail,pass,included,"[[""housing""]]",included,included
grid-1026,100000000,399999,education,fail,pass,included,"[[""housing""]]",included,included
grid-1027,100000000,399999,livelihood,fail,fail,outside,[],outside,included
grid-1028,100000000,399999,medical,fail,fail,outside,[],outside,included
grid-1029,100000000,399999,housing,fail,fail,outside,[],outside,outside
grid-1030,100000000,400000,none,fail,pass,included,"[[""housing""]]",included,included
grid-1031,100000000,400000,education,fail,pass,included,"[[""housing""]]",included,included
grid-1032,100000000,400000,livelihood,fail,fail,outside,[],outside,included
grid-1033,100000000,400000,medical,fail,fail,outside,[],outside,included
grid-1034,100000000,400000,housing,fail,fail,outside,[],outside,outside
grid-1035,100000000,400001,none,fail,pass,included,"[[""housing""]]",included,included
grid-1036,100000000,400001,education,fail,pass,included,"[[""housing""]]",included,included
grid-1037,100000000,400001,livelihood,fail,fail,outside,[],outside,included
grid-1038,100000000,400001,medical,fail,fail,outside,[],outside,included
grid-1039,100000000,400001,housing,fail,fail,outside,[],outside,outside
grid-1040,100000000,450000,none,fail,pass,included,"[[""housing""]]",included,included
grid-1041,100000000,450000,education,fail,pass,included,"[[""housing""]]",included,included
grid-1042,100000000,450000,livelihood,fail,fail,outside,[],outside,included
grid-1043,100000000,450000,medical,fail,fail,outside,[],outside,included
grid-1044,100000000,450000,housing,fail,fail,outside,[],outside,outside
grid-1045,100000000,456999,none,fail,pass,included,"[[""housing""]]",included,included
grid-1046,100000000,456999,education,fail,pass,included,"[[""housing""]]",included,included
grid-1047,100000000,456999,livelihood,fail,fail,outside,[],outside,included
grid-1048,100000000,456999,medical,fail,fail,outside,[],outside,included
grid-1049,100000000,456999,housing,fail,fail,outside,[],outside,outside
grid-1050,100000000,457000,none,fail,pass,included,"[[""housing""]]",included,included
grid-1051,100000000,457000,education,fail,pass,included,"[[""housing""]]",included,included
grid-1052,100000000,457000,livelihood,fail,fail,outside,[],outside,included
grid-1053,100000000,457000,medical,fail,fail,outside,[],outside,included
grid-1054,100000000,457000,housing,fail,fail,outside,[],outside,outside
grid-1055,100000000,457001,none,fail,pass,included,"[[""housing""]]",included,included
grid-1056,100000000,457001,education,fail,pass,included,"[[""housing""]]",included,included
grid-1057,100000000,457001,livelihood,fail,fail,outside,[],outside,included
grid-1058,100000000,457001,medical,fail,fail,outside,[],outside,included
grid-1059,100000000,457001,housing,fail,fail,outside,[],outside,outside
grid-1060,100000000,460000,none,fail,pass,included,"[[""housing""]]",included,included
grid-1061,100000000,460000,education,fail,pass,included,"[[""housing""]]",included,included
grid-1062,100000000,460000,livelihood,fail,fail,outside,[],outside,included
grid-1063,100000000,460000,medical,fail,fail,outside,[],outside,included
grid-1064,100000000,460000,housing,fail,fail,outside,[],outside,outside
grid-1065,100000000,460001,none,fail,pass,included,"[[""housing""]]",included,included
grid-1066,100000000,460001,education,fail,pass,included,"[[""housing""]]",included,included
grid-1067,100000000,460001,livelihood,fail,fail,outside,[],outside,included
grid-1068,100000000,460001,medical,fail,fail,outside,[],outside,included
grid-1069,100000000,460001,housing,fail,fail,outside,[],outside,outside
grid-1070,100000000,480000,none,fail,pass,included,"[[""housing""]]",included,included
grid-1071,100000000,480000,education,fail,pass,included,"[[""housing""]]",included,included
grid-1072,100000000,480000,livelihood,fail,fail,outside,[],outside,included
grid-1073,100000000,480000,medical,fail,fail,outside,[],outside,included
grid-1074,100000000,480000,housing,fail,fail,outside,[],outside,outside
grid-1075,100000000,550000,none,fail,pass,included,"[[""housing""]]",included,included
grid-1076,100000000,550000,education,fail,pass,included,"[[""housing""]]",included,included
grid-1077,100000000,550000,livelihood,fail,fail,outside,[],outside,included
grid-1078,100000000,550000,medical,fail,fail,outside,[],outside,included
grid-1079,100000000,550000,housing,fail,fail,outside,[],outside,outside
grid-1080,100000000,550001,none,fail,pass,included,"[[""housing""]]",included,included
grid-1081,100000000,550001,education,fail,pass,included,"[[""housing""]]",included,included
grid-1082,100000000,550001,livelihood,fail,fail,outside,[],outside,included
grid-1083,100000000,550001,medical,fail,fail,outside,[],outside,included
grid-1084,100000000,550001,housing,fail,fail,outside,[],outside,outside
grid-1085,100000000,1000000,none,fail,pass,included,"[[""housing""]]",included,included
grid-1086,100000000,1000000,education,fail,pass,included,"[[""housing""]]",included,included
grid-1087,100000000,1000000,livelihood,fail,fail,outside,[],outside,included
grid-1088,100000000,1000000,medical,fail,fail,outside,[],outside,included
grid-1089,100000000,1000000,housing,fail,fail,outside,[],outside,outside
grid-1090,100000000,1000001,none,fail,fail,outside,[],outside,outside
grid-1091,100000000,1000001,education,fail,fail,outside,[],outside,outside
grid-1092,100000000,1000001,livelihood,fail,fail,outside,[],outside,outside
grid-1093,100000000,1000001,medical,fail,fail,outside,[],outside,outside
grid-1094,100000000,1000001,housing,fail,fail,outside,[],outside,outside
grid-1095,100000000,2000000,none,fail,fail,outside,[],outside,outside
grid-1096,100000000,2000000,education,fail,fail,outside,[],outside,outside
grid-1097,100000000,2000000,livelihood,fail,fail,outside,[],outside,outside
grid-1098,100000000,2000000,medical,fail,fail,outside,[],outside,outside
grid-1099,100000000,2000000,housing,fail,fail,outside,[],outside,outside
grid-1100,100000000,2000001,none,fail,fail,outside,[],outside,outside
grid-1101,100000000,2000001,education,fail,fail,outside,[],outside,outside
grid-1102,100000000,2000001,livelihood,fail,fail,outside,[],outside,outside
grid-1103,100000000,2000001,medical,fail,fail,outside,[],outside,outside
grid-1104,100000000,2000001,housing,fail,fail,outside,[],outside,outside
grid-1105,199999999,0,none,fail,pass,included,"[[""housing""]]",included,included
grid-1106,199999999,0,education,fail,pass,included,"[[""housing""]]",included,included
grid-1107,199999999,0,livelihood,fail,fail,outside,[],outside,included
grid-1108,199999999,0,medical,fail,fail,outside,[],outside,included
grid-1109,199999999,0,housing,fail,fail,outside,[],outside,outside
grid-1110,199999999,399999,none,fail,fail,outside,[],outside,outside
grid-1111,199999999,399999,education,fail,fail,outside,[],outside,outside
grid-1112,199999999,399999,livelihood,fail,fail,outside,[],outside,outside
grid-1113,199999999,399999,medical,fail,fail,outside,[],outside,outside
grid-1114,199999999,399999,housing,fail,fail,outside,[],outside,outside
grid-1115,199999999,400000,none,fail,fail,outside,[],outside,outside
grid-1116,199999999,400000,education,fail,fail,outside,[],outside,outside
grid-1117,199999999,400000,livelihood,fail,fail,outside,[],outside,outside
grid-1118,199999999,400000,medical,fail,fail,outside,[],outside,outside
grid-1119,199999999,400000,housing,fail,fail,outside,[],outside,outside
grid-1120,199999999,400001,none,fail,fail,outside,[],outside,outside
grid-1121,199999999,400001,education,fail,fail,outside,[],outside,outside
grid-1122,199999999,400001,livelihood,fail,fail,outside,[],outside,outside
grid-1123,199999999,400001,medical,fail,fail,outside,[],outside,outside
grid-1124,199999999,400001,housing,fail,fail,outside,[],outside,outside
grid-1125,199999999,450000,none,fail,fail,outside,[],outside,outside
grid-1126,199999999,450000,education,fail,fail,outside,[],outside,outside
grid-1127,199999999,450000,livelihood,fail,fail,outside,[],outside,outside
grid-1128,199999999,450000,medical,fail,fail,outside,[],outside,outside
grid-1129,199999999,450000,housing,fail,fail,outside,[],outside,outside
grid-1130,199999999,456999,none,fail,fail,outside,[],outside,outside
grid-1131,199999999,456999,education,fail,fail,outside,[],outside,outside
grid-1132,199999999,456999,livelihood,fail,fail,outside,[],outside,outside
grid-1133,199999999,456999,medical,fail,fail,outside,[],outside,outside
grid-1134,199999999,456999,housing,fail,fail,outside,[],outside,outside
grid-1135,199999999,457000,none,fail,fail,outside,[],outside,outside
grid-1136,199999999,457000,education,fail,fail,outside,[],outside,outside
grid-1137,199999999,457000,livelihood,fail,fail,outside,[],outside,outside
grid-1138,199999999,457000,medical,fail,fail,outside,[],outside,outside
grid-1139,199999999,457000,housing,fail,fail,outside,[],outside,outside
grid-1140,199999999,457001,none,fail,fail,outside,[],outside,outside
grid-1141,199999999,457001,education,fail,fail,outside,[],outside,outside
grid-1142,199999999,457001,livelihood,fail,fail,outside,[],outside,outside
grid-1143,199999999,457001,medical,fail,fail,outside,[],outside,outside
grid-1144,199999999,457001,housing,fail,fail,outside,[],outside,outside
grid-1145,199999999,460000,none,fail,fail,outside,[],outside,outside
grid-1146,199999999,460000,education,fail,fail,outside,[],outside,outside
grid-1147,199999999,460000,livelihood,fail,fail,outside,[],outside,outside
grid-1148,199999999,460000,medical,fail,fail,outside,[],outside,outside
grid-1149,199999999,460000,housing,fail,fail,outside,[],outside,outside
grid-1150,199999999,460001,none,fail,fail,outside,[],outside,outside
grid-1151,199999999,460001,education,fail,fail,outside,[],outside,outside
grid-1152,199999999,460001,livelihood,fail,fail,outside,[],outside,outside
grid-1153,199999999,460001,medical,fail,fail,outside,[],outside,outside
grid-1154,199999999,460001,housing,fail,fail,outside,[],outside,outside
grid-1155,199999999,480000,none,fail,fail,outside,[],outside,outside
grid-1156,199999999,480000,education,fail,fail,outside,[],outside,outside
grid-1157,199999999,480000,livelihood,fail,fail,outside,[],outside,outside
grid-1158,199999999,480000,medical,fail,fail,outside,[],outside,outside
grid-1159,199999999,480000,housing,fail,fail,outside,[],outside,outside
grid-1160,199999999,550000,none,fail,fail,outside,[],outside,outside
grid-1161,199999999,550000,education,fail,fail,outside,[],outside,outside
grid-1162,199999999,550000,livelihood,fail,fail,outside,[],outside,outside
grid-1163,199999999,550000,medical,fail,fail,outside,[],outside,outside
grid-1164,199999999,550000,housing,fail,fail,outside,[],outside,outside
grid-1165,199999999,550001,none,fail,fail,outside,[],outside,outside
grid-1166,199999999,550001,education,fail,fail,outside,[],outside,outside
grid-1167,199999999,550001,livelihood,fail,fail,outside,[],outside,outside
grid-1168,199999999,550001,medical,fail,fail,outside,[],outside,outside
grid-1169,199999999,550001,housing,fail,fail,outside,[],outside,outside
grid-1170,199999999,1000000,none,fail,fail,outside,[],outside,outside
grid-1171,199999999,1000000,education,fail,fail,outside,[],outside,outside
grid-1172,199999999,1000000,livelihood,fail,fail,outside,[],outside,outside
grid-1173,199999999,1000000,medical,fail,fail,outside,[],outside,outside
grid-1174,199999999,1000000,housing,fail,fail,outside,[],outside,outside
grid-1175,199999999,1000001,none,fail,fail,outside,[],outside,outside
grid-1176,199999999,1000001,education,fail,fail,outside,[],outside,outside
grid-1177,199999999,1000001,livelihood,fail,fail,outside,[],outside,outside
grid-1178,199999999,1000001,medical,fail,fail,outside,[],outside,outside
grid-1179,199999999,1000001,housing,fail,fail,outside,[],outside,outside
grid-1180,199999999,2000000,none,fail,fail,outside,[],outside,outside
grid-1181,199999999,2000000,education,fail,fail,outside,[],outside,outside
grid-1182,199999999,2000000,livelihood,fail,fail,outside,[],outside,outside
grid-1183,199999999,2000000,medical,fail,fail,outside,[],outside,outside
grid-1184,199999999,2000000,housing,fail,fail,outside,[],outside,outside
grid-1185,199999999,2000001,none,fail,fail,outside,[],outside,outside
grid-1186,199999999,2000001,education,fail,fail,outside,[],outside,outside
grid-1187,199999999,2000001,livelihood,fail,fail,outside,[],outside,outside
grid-1188,199999999,2000001,medical,fail,fail,outside,[],outside,outside
grid-1189,199999999,2000001,housing,fail,fail,outside,[],outside,outside
grid-1190,200000000,0,none,fail,pass,included,"[[""housing""]]",included,included
grid-1191,200000000,0,education,fail,pass,included,"[[""housing""]]",included,included
grid-1192,200000000,0,livelihood,fail,fail,outside,[],outside,included
grid-1193,200000000,0,medical,fail,fail,outside,[],outside,included
grid-1194,200000000,0,housing,fail,fail,outside,[],outside,outside
grid-1195,200000000,399999,none,fail,fail,outside,[],outside,outside
grid-1196,200000000,399999,education,fail,fail,outside,[],outside,outside
grid-1197,200000000,399999,livelihood,fail,fail,outside,[],outside,outside
grid-1198,200000000,399999,medical,fail,fail,outside,[],outside,outside
grid-1199,200000000,399999,housing,fail,fail,outside,[],outside,outside
grid-1200,200000000,400000,none,fail,fail,outside,[],outside,outside
grid-1201,200000000,400000,education,fail,fail,outside,[],outside,outside
grid-1202,200000000,400000,livelihood,fail,fail,outside,[],outside,outside
grid-1203,200000000,400000,medical,fail,fail,outside,[],outside,outside
grid-1204,200000000,400000,housing,fail,fail,outside,[],outside,outside
grid-1205,200000000,400001,none,fail,fail,outside,[],outside,outside
grid-1206,200000000,400001,education,fail,fail,outside,[],outside,outside
grid-1207,200000000,400001,livelihood,fail,fail,outside,[],outside,outside
grid-1208,200000000,400001,medical,fail,fail,outside,[],outside,outside
grid-1209,200000000,400001,housing,fail,fail,outside,[],outside,outside
grid-1210,200000000,450000,none,fail,fail,outside,[],outside,outside
grid-1211,200000000,450000,education,fail,fail,outside,[],outside,outside
grid-1212,200000000,450000,livelihood,fail,fail,outside,[],outside,outside
grid-1213,200000000,450000,medical,fail,fail,outside,[],outside,outside
grid-1214,200000000,450000,housing,fail,fail,outside,[],outside,outside
grid-1215,200000000,456999,none,fail,fail,outside,[],outside,outside
grid-1216,200000000,456999,education,fail,fail,outside,[],outside,outside
grid-1217,200000000,456999,livelihood,fail,fail,outside,[],outside,outside
grid-1218,200000000,456999,medical,fail,fail,outside,[],outside,outside
grid-1219,200000000,456999,housing,fail,fail,outside,[],outside,outside
grid-1220,200000000,457000,none,fail,fail,outside,[],outside,outside
grid-1221,200000000,457000,education,fail,fail,outside,[],outside,outside
grid-1222,200000000,457000,livelihood,fail,fail,outside,[],outside,outside
grid-1223,200000000,457000,medical,fail,fail,outside,[],outside,outside
grid-1224,200000000,457000,housing,fail,fail,outside,[],outside,outside
grid-1225,200000000,457001,none,fail,fail,outside,[],outside,outside
grid-1226,200000000,457001,education,fail,fail,outside,[],outside,outside
grid-1227,200000000,457001,livelihood,fail,fail,outside,[],outside,outside
grid-1228,200000000,457001,medical,fail,fail,outside,[],outside,outside
grid-1229,200000000,457001,housing,fail,fail,outside,[],outside,outside
grid-1230,200000000,460000,none,fail,fail,outside,[],outside,outside
grid-1231,200000000,460000,education,fail,fail,outside,[],outside,outside
grid-1232,200000000,460000,livelihood,fail,fail,outside,[],outside,outside
grid-1233,200000000,460000,medical,fail,fail,outside,[],outside,outside
grid-1234,200000000,460000,housing,fail,fail,outside,[],outside,outside
grid-1235,200000000,460001,none,fail,fail,outside,[],outside,outside
grid-1236,200000000,460001,education,fail,fail,outside,[],outside,outside
grid-1237,200000000,460001,livelihood,fail,fail,outside,[],outside,outside
grid-1238,200000000,460001,medical,fail,fail,outside,[],outside,outside
grid-1239,200000000,460001,housing,fail,fail,outside,[],outside,outside
grid-1240,200000000,480000,none,fail,fail,outside,[],outside,outside
grid-1241,200000000,480000,education,fail,fail,outside,[],outside,outside
grid-1242,200000000,480000,livelihood,fail,fail,outside,[],outside,outside
grid-1243,200000000,480000,medical,fail,fail,outside,[],outside,outside
grid-1244,200000000,480000,housing,fail,fail,outside,[],outside,outside
grid-1245,200000000,550000,none,fail,fail,outside,[],outside,outside
grid-1246,200000000,550000,education,fail,fail,outside,[],outside,outside
grid-1247,200000000,550000,livelihood,fail,fail,outside,[],outside,outside
grid-1248,200000000,550000,medical,fail,fail,outside,[],outside,outside
grid-1249,200000000,550000,housing,fail,fail,outside,[],outside,outside
grid-1250,200000000,550001,none,fail,fail,outside,[],outside,outside
grid-1251,200000000,550001,education,fail,fail,outside,[],outside,outside
grid-1252,200000000,550001,livelihood,fail,fail,outside,[],outside,outside
grid-1253,200000000,550001,medical,fail,fail,outside,[],outside,outside
grid-1254,200000000,550001,housing,fail,fail,outside,[],outside,outside
grid-1255,200000000,1000000,none,fail,fail,outside,[],outside,outside
grid-1256,200000000,1000000,education,fail,fail,outside,[],outside,outside
grid-1257,200000000,1000000,livelihood,fail,fail,outside,[],outside,outside
grid-1258,200000000,1000000,medical,fail,fail,outside,[],outside,outside
grid-1259,200000000,1000000,housing,fail,fail,outside,[],outside,outside
grid-1260,200000000,1000001,none,fail,fail,outside,[],outside,outside
grid-1261,200000000,1000001,education,fail,fail,outside,[],outside,outside
grid-1262,200000000,1000001,livelihood,fail,fail,outside,[],outside,outside
grid-1263,200000000,1000001,medical,fail,fail,outside,[],outside,outside
grid-1264,200000000,1000001,housing,fail,fail,outside,[],outside,outside
grid-1265,200000000,2000000,none,fail,fail,outside,[],outside,outside
grid-1266,200000000,2000000,education,fail,fail,outside,[],outside,outside
grid-1267,200000000,2000000,livelihood,fail,fail,outside,[],outside,outside
grid-1268,200000000,2000000,medical,fail,fail,outside,[],outside,outside
grid-1269,200000000,2000000,housing,fail,fail,outside,[],outside,outside
grid-1270,200000000,2000001,none,fail,fail,outside,[],outside,outside
grid-1271,200000000,2000001,education,fail,fail,outside,[],outside,outside
grid-1272,200000000,2000001,livelihood,fail,fail,outside,[],outside,outside
grid-1273,200000000,2000001,medical,fail,fail,outside,[],outside,outside
grid-1274,200000000,2000001,housing,fail,fail,outside,[],outside,outside
grid-1275,200000001,0,none,fail,fail,outside,[],outside,outside
grid-1276,200000001,0,education,fail,fail,outside,[],outside,outside
grid-1277,200000001,0,livelihood,fail,fail,outside,[],outside,outside
grid-1278,200000001,0,medical,fail,fail,outside,[],outside,outside
grid-1279,200000001,0,housing,fail,fail,outside,[],outside,outside
grid-1280,200000001,399999,none,fail,fail,outside,[],outside,outside
grid-1281,200000001,399999,education,fail,fail,outside,[],outside,outside
grid-1282,200000001,399999,livelihood,fail,fail,outside,[],outside,outside
grid-1283,200000001,399999,medical,fail,fail,outside,[],outside,outside
grid-1284,200000001,399999,housing,fail,fail,outside,[],outside,outside
grid-1285,200000001,400000,none,fail,fail,outside,[],outside,outside
grid-1286,200000001,400000,education,fail,fail,outside,[],outside,outside
grid-1287,200000001,400000,livelihood,fail,fail,outside,[],outside,outside
grid-1288,200000001,400000,medical,fail,fail,outside,[],outside,outside
grid-1289,200000001,400000,housing,fail,fail,outside,[],outside,outside
grid-1290,200000001,400001,none,fail,fail,outside,[],outside,outside
grid-1291,200000001,400001,education,fail,fail,outside,[],outside,outside
grid-1292,200000001,400001,livelihood,fail,fail,outside,[],outside,outside
grid-1293,200000001,400001,medical,fail,fail,outside,[],outside,outside
grid-1294,200000001,400001,housing,fail,fail,outside,[],outside,outside
grid-1295,200000001,450000,none,fail,fail,outside,[],outside,outside
grid-1296,200000001,450000,education,fail,fail,outside,[],outside,outside
grid-1297,200000001,450000,livelihood,fail,fail,outside,[],outside,outside
grid-1298,200000001,450000,medical,fail,fail,outside,[],outside,outside
grid-1299,200000001,450000,housing,fail,fail,outside,[],outside,outside
grid-1300,200000001,456999,none,fail,fail,outside,[],outside,outside
grid-1301,200000001,456999,education,fail,fail,outside,[],outside,outside
grid-1302,200000001,456999,livelihood,fail,fail,outside,[],outside,outside
grid-1303,200000001,456999,medical,fail,fail,outside,[],outside,outside
grid-1304,200000001,456999,housing,fail,fail,outside,[],outside,outside
grid-1305,200000001,457000,none,fail,fail,outside,[],outside,outside
grid-1306,200000001,457000,education,fail,fail,outside,[],outside,outside
grid-1307,200000001,457000,livelihood,fail,fail,outside,[],outside,outside
grid-1308,200000001,457000,medical,fail,fail,outside,[],outside,outside
grid-1309,200000001,457000,housing,fail,fail,outside,[],outside,outside
grid-1310,200000001,457001,none,fail,fail,outside,[],outside,outside
grid-1311,200000001,457001,education,fail,fail,outside,[],outside,outside
grid-1312,200000001,457001,livelihood,fail,fail,outside,[],outside,outside
grid-1313,200000001,457001,medical,fail,fail,outside,[],outside,outside
grid-1314,200000001,457001,housing,fail,fail,outside,[],outside,outside
grid-1315,200000001,460000,none,fail,fail,outside,[],outside,outside
grid-1316,200000001,460000,education,fail,fail,outside,[],outside,outside
grid-1317,200000001,460000,livelihood,fail,fail,outside,[],outside,outside
grid-1318,200000001,460000,medical,fail,fail,outside,[],outside,outside
grid-1319,200000001,460000,housing,fail,fail,outside,[],outside,outside
grid-1320,200000001,460001,none,fail,fail,outside,[],outside,outside
grid-1321,200000001,460001,education,fail,fail,outside,[],outside,outside
grid-1322,200000001,460001,livelihood,fail,fail,outside,[],outside,outside
grid-1323,200000001,460001,medical,fail,fail,outside,[],outside,outside
grid-1324,200000001,460001,housing,fail,fail,outside,[],outside,outside
grid-1325,200000001,480000,none,fail,fail,outside,[],outside,outside
grid-1326,200000001,480000,education,fail,fail,outside,[],outside,outside
grid-1327,200000001,480000,livelihood,fail,fail,outside,[],outside,outside
grid-1328,200000001,480000,medical,fail,fail,outside,[],outside,outside
grid-1329,200000001,480000,housing,fail,fail,outside,[],outside,outside
grid-1330,200000001,550000,none,fail,fail,outside,[],outside,outside
grid-1331,200000001,550000,education,fail,fail,outside,[],outside,outside
grid-1332,200000001,550000,livelihood,fail,fail,outside,[],outside,outside
grid-1333,200000001,550000,medical,fail,fail,outside,[],outside,outside
grid-1334,200000001,550000,housing,fail,fail,outside,[],outside,outside
grid-1335,200000001,550001,none,fail,fail,outside,[],outside,outside
grid-1336,200000001,550001,education,fail,fail,outside,[],outside,outside
grid-1337,200000001,550001,livelihood,fail,fail,outside,[],outside,outside
grid-1338,200000001,550001,medical,fail,fail,outside,[],outside,outside
grid-1339,200000001,550001,housing,fail,fail,outside,[],outside,outside
grid-1340,200000001,1000000,none,fail,fail,outside,[],outside,outside
grid-1341,200000001,1000000,education,fail,fail,outside,[],outside,outside
grid-1342,200000001,1000000,livelihood,fail,fail,outside,[],outside,outside
grid-1343,200000001,1000000,medical,fail,fail,outside,[],outside,outside
grid-1344,200000001,1000000,housing,fail,fail,outside,[],outside,outside
grid-1345,200000001,1000001,none,fail,fail,outside,[],outside,outside
grid-1346,200000001,1000001,education,fail,fail,outside,[],outside,outside
grid-1347,200000001,1000001,livelihood,fail,fail,outside,[],outside,outside
grid-1348,200000001,1000001,medical,fail,fail,outside,[],outside,outside
grid-1349,200000001,1000001,housing,fail,fail,outside,[],outside,outside
grid-1350,200000001,2000000,none,fail,fail,outside,[],outside,outside
grid-1351,200000001,2000000,education,fail,fail,outside,[],outside,outside
grid-1352,200000001,2000000,livelihood,fail,fail,outside,[],outside,outside
grid-1353,200000001,2000000,medical,fail,fail,outside,[],outside,outside
grid-1354,200000001,2000000,housing,fail,fail,outside,[],outside,outside
grid-1355,200000001,2000001,none,fail,fail,outside,[],outside,outside
grid-1356,200000001,2000001,education,fail,fail,outside,[],outside,outside
grid-1357,200000001,2000001,livelihood,fail,fail,outside,[],outside,outside
grid-1358,200000001,2000001,medical,fail,fail,outside,[],outside,outside
grid-1359,200000001,2000001,housing,fail,fail,outside,[],outside,outside
